,RunId,iteration,Step,side,density,population,homophily,town,mobility,total_happy,total_segregation,center_segregation,periphery_segregation
0,0,0,171,50,0.7,0.3,0.3,True,"{'model': 'gravity', 'alpha': 0.0, 'beta': -5.0}",1.0,0.733693292666172,0.7178124301363739,0.7359187030075188
1,1,0,191,50,0.7,0.3,0.3,True,"{'model': 'gravity', 'alpha': 0.0, 'beta': -4.0}",1.0,0.7353564664502164,0.6943989930774072,0.741421271705029
2,2,0,29,50,0.7,0.3,0.3,True,"{'model': 'gravity', 'alpha': 0.0, 'beta': -3.0}",1.0,0.7429090833541095,0.8117945326278659,0.7330093780692584
3,3,0,22,50,0.7,0.3,0.3,True,"{'model': 'gravity', 'alpha': 0.0, 'beta': -2.0}",1.0,0.767815734989648,0.7965249433106576,0.7638362407669339
4,4,0,24,50,0.7,0.3,0.3,True,"{'model': 'gravity', 'alpha': 0.0, 'beta': -1.0}",1.0,0.775755442942943,0.7740566037735848,0.7759857203751066
5,5,0,29,50,0.7,0.3,0.3,True,"{'model': 'gravity', 'alpha': 0.0, 'beta': 0.0}",1.0,0.8056301417584479,0.808984725965858,0.8051757188498402
6,6,0,373,50,0.7,0.3,0.3,True,"{'model': 'gravity', 'alpha': 0.5, 'beta': -5.0}",1.0,0.7299988847998217,0.6728475765306122,0.7386254973687588
7,7,0,109,50,0.7,0.3,0.3,True,"{'model': 'gravity', 'alpha': 0.5, 'beta': -4.0}",1.0,0.7328071034238938,0.6947124304267162,0.73859649122807
8,8,0,69,50,0.7,0.3,0.3,True,"{'model': 'gravity', 'alpha': 0.5, 'beta': -3.0}",1.0,0.7420235371036287,0.6926434676434676,0.7496555953953576
9,9,0,20,50,0.7,0.3,0.3,True,"{'model': 'gravity', 'alpha': 0.5, 'beta': -2.0}",1.0,0.7719564748976514,0.7349934895833332,0.7782147581254724
10,10,0,26,50,0.7,0.3,0.3,True,"{'model': 'gravity', 'alpha': 0.5, 'beta': -1.0}",1.0,0.8191317397507335,0.7737114321383984,0.8272057891065879
11,11,0,16,50,0.7,0.3,0.3,True,"{'model': 'gravity', 'alpha': 0.5, 'beta': 0.0}",1.0,0.7950633837152609,0.7435813492063492,0.8032028358115315
12,12,0,301,50,0.7,0.3,0.3,True,"{'model': 'gravity', 'alpha': 1.0, 'beta': -5.0}",1.0,0.732812203903733,0.7850136957437843,0.7251164849501444
13,13,0,248,50,0.7,0.3,0.3,True,"{'model': 'gravity', 'alpha': 1.0, 'beta': -4.0}",1.0,0.7289208584842388,0.7212367178276269,0.7301338800360327
14,14,0,61,50,0.7,0.3,0.3,True,"{'model': 'gravity', 'alpha': 1.0, 'beta': -3.0}",1.0,0.7707517419923434,0.7621766029246344,0.772228410008071
15,15,0,40,50,0.7,0.3,0.3,True,"{'model': 'gravity', 'alpha': 1.0, 'beta': -2.0}",1.0,0.7636172687465791,0.7365229110512129,0.7684850686037127
16,16,0,12,50,0.7,0.3,0.3,True,"{'model': 'gravity', 'alpha': 1.0, 'beta': -1.0}",1.0,0.8167163273188766,0.7500335345405768,0.8298494154943531
17,17,0,46,50,0.7,0.3,0.3,True,"{'model': 'gravity', 'alpha': 1.0, 'beta': 0.0}",1.0,0.7972907098541616,0.6881660470879802,0.8168083523302937
18,18,0,251,50,0.7,0.3,0.3,True,"{'model': 'gravity', 'alpha': 1.5, 'beta': -5.0}",1.0,0.7470408944289542,0.6849585062240663,0.7570088195171473
19,19,0,500,50,0.7,0.3,0.3,True,"{'model': 'gravity', 'alpha': 1.5, 'beta': -4.0}",0.9994385176866929,0.7348827571455308,0.6820049641478214,0.7438810149552594
20,20,0,453,50,0.7,0.3,0.3,True,"{'model': 'gravity', 'alpha': 1.5, 'beta': -3.0}",1.0,0.7548504413206929,0.7038941217512645,0.7642816787732042
21,21,0,38,50,0.7,0.3,0.3,True,"{'model': 'gravity', 'alpha': 1.5, 'beta': -2.0}",1.0,0.769044888597641,0.6940930886243386,0.7838705193615908
22,22,0,23,50,0.7,0.3,0.3,True,"{'model': 'gravity', 'alpha': 1.5, 'beta': -1.0}",1.0,0.8031052984574112,0.7291462818003913,0.8176676941848889
23,23,0,14,50,0.7,0.3,0.3,True,"{'model': 'gravity', 'alpha': 1.5, 'beta': 0.0}",1.0,0.7925479459518361,0.7515415657788539,0.800873398223708
24,24,0,500,50,0.7,0.3,0.3,True,"{'model': 'gravity', 'alpha': 2.0, 'beta': -5.0}",0.9994279176201373,0.7467575187969926,0.7197089947089946,0.7509380700761149
25,25,0,500,50,0.7,0.3,0.3,True,"{'model': 'gravity', 'alpha': 2.0, 'beta': -4.0}",0.9965889710062535,0.7299703565337448,0.6446495956873315,0.7451042264295277
26,26,0,500,50,0.7,0.3,0.3,True,"{'model': 'gravity', 'alpha': 2.0, 'beta': -3.0}",0.9983155530600786,0.748848292826395,0.6805787278415015,0.7612609410054665
27,27,0,500,50,0.7,0.3,0.3,True,"{'model': 'gravity', 'alpha': 2.0, 'beta': -2.0}",0.9943181818181818,0.7609638798701299,0.6898229327832216,0.7742518382943198
28,28,0,119,50,0.7,0.3,0.3,True,"{'model': 'gravity', 'alpha': 2.0, 'beta': -1.0}",1.0,0.7946786737617684,0.7598576700052715,0.8010806357821282
29,29,0,32,50,0.7,0.3,0.3,True,"{'model': 'gravity', 'alpha': 2.0, 'beta': 0.0}",1.0,0.8051156462585033,0.7712410306588389,0.8118998628257887
30,30,0,285,50,0.7,0.3,0.3,True,"{'model': 'gravity', 'alpha': 2.5, 'beta': -5.0}",1.0,0.7333951413522519,0.678025053304904,0.7432616198074976
31,31,0,73,50,0.7,0.3,0.3,True,"{'model': 'gravity', 'alpha': 2.5, 'beta': -4.0}",1.0,0.7322959084739189,0.6778122843340234,0.7427168927168928
32,32,0,315,50,0.7,0.3,0.3,True,"{'model': 'gravity', 'alpha': 2.5, 'beta': -3.0}",1.0,0.7745869500554339,0.6902982123081791,0.7919642857142857
33,33,0,121,50,0.7,0.3,0.3,True,"{'model': 'gravity', 'alpha': 2.5, 'beta': -2.0}",1.0,0.8079110174162257,0.7529959003468937,0.8195410071461964
34,34,0,228,50,0.7,0.3,0.3,True,"{'model': 'gravity', 'alpha': 2.5, 'beta': -1.0}",1.0,0.793227543600678,0.726953188054883,0.8067389015039326
35,35,0,105,50,0.7,0.3,0.3,True,"{'model': 'gravity', 'alpha': 2.5, 'beta': 0.0}",1.0,0.7958471119929453,0.7160836594911938,0.8120664212760312
36,36,1,181,50,0.7,0.3,0.3,True,"{'model': 'gravity', 'alpha': 0.0, 'beta': -5.0}",1.0,0.7314874342489772,0.7307848767647762,0.73157990047871
37,37,1,60,50,0.7,0.3,0.3,True,"{'model': 'gravity', 'alpha': 0.0, 'beta': -4.0}",1.0,0.7250122729504173,0.6998613037447989,0.7283766233766232
38,38,1,86,50,0.7,0.3,0.3,True,"{'model': 'gravity', 'alpha': 0.0, 'beta': -3.0}",1.0,0.7561043277709945,0.6902360515021458,0.7661879732181966
39,39,1,30,50,0.7,0.3,0.3,True,"{'model': 'gravity', 'alpha': 0.0, 'beta': -2.0}",1.0,0.770451892273443,0.7888507326007327,0.7679764984907287
40,40,1,14,50,0.7,0.3,0.3,True,"{'model': 'gravity', 'alpha': 0.0, 'beta': -1.0}",1.0,0.7867380266227528,0.7583116883116883,0.7908659437372308
41,41,1,16,50,0.7,0.3,0.3,True,"{'model': 'gravity', 'alpha': 0.0, 'beta': 0.0}",1.0,0.7929518866370077,0.7972755271262735,0.7923849905258906
42,42,1,264,50,0.7,0.3,0.3,True,"{'model': 'gravity', 'alpha': 0.5, 'beta': -5.0}",1.0,0.7536047619047619,0.7435220935220935,0.7550696522064322
43,43,1,105,50,0.7,0.3,0.3,True,"{'model': 'gravity', 'alpha': 0.5, 'beta': -4.0}",1.0,0.7266472868217055,0.712102206736353,0.7286154329718687
44,44,1,25,50,0.7,0.3,0.3,True,"{'model': 'gravity', 'alpha': 0.5, 'beta': -3.0}",1.0,0.7506294549692387,0.7296884185773075,0.7539905328049317
45,45,1,21,50,0.7,0.3,0.3,True,"{'model': 'gravity', 'alpha': 0.5, 'beta': -2.0}",1.0,0.7579676179414855,0.7782951577255374,0.7547234247234247
46,46,1,24,50,0.7,0.3,0.3,True,"{'model': 'gravity', 'alpha': 0.5, 'beta': -1.0}",1.0,0.7902820183191387,0.7291644204851753,0.8009866868095553
47,47,1,18,50,0.7,0.3,0.3,True,"{'model': 'gravity', 'alpha': 0.5, 'beta': 0.0}",1.0,0.8062398998060764,0.7752661633759196,0.8112461673236969
48,48,1,449,50,0.7,0.3,0.3,True,"{'model': 'gravity', 'alpha': 1.0, 'beta': -5.0}",1.0,0.7389890995768388,0.6960213032581453,0.7453095238095238
49,49,1,60,50,0.7,0.3,0.3,True,"{'model': 'gravity', 'alpha': 1.0, 'beta': -4.0}",1.0,0.7501649413388544,0.7191666666666667,0.7549339066730371
50,50,1,25,50,0.7,0.3,0.3,True,"{'model': 'gravity', 'alpha': 1.0, 'beta': -3.0}",1.0,0.7563194160185565,0.7263827838827839,0.7615608465608464
51,51,1,70,50,0.7,0.3,0.3,True,"{'model': 'gravity', 'alpha': 1.0, 'beta': -2.0}",1.0,0.783482561096389,0.7066295721187025,0.7975952856192376
52,52,1,17,50,0.7,0.3,0.3,True,"{'model': 'gravity', 'alpha': 1.0, 'beta': -1.0}",1.0,0.7928652551310132,0.7343077444500932,0.8039832689832688
53,53,1,25,50,0.7,0.3,0.3,True,"{'model': 'gravity', 'alpha': 1.0, 'beta': 0.0}",1.0,0.8094806665588091,0.6919450154162383,0.8314396121351766
54,54,1,176,50,0.7,0.3,0.3,True,"{'model': 'gravity', 'alpha': 1.5, 'beta': -5.0}",1.0,0.7367854431066276,0.7139301175015461,0.7402474629195941
55,55,1,422,50,0.7,0.3,0.3,True,"{'model': 'gravity', 'alpha': 1.5, 'beta': -4.0}",1.0,0.7339547102887847,0.7078632929186435,0.7385821802543008
56,56,1,73,50,0.7,0.3,0.3,True,"{'model': 'gravity', 'alpha': 1.5, 'beta': -3.0}",1.0,0.7497248617598109,0.6763826232247285,0.7637628321980237
57,57,1,23,50,0.7,0.3,0.3,True,"{'model': 'gravity', 'alpha': 1.5, 'beta': -2.0}",1.0,0.7701643249681908,0.7481855500821017,0.7745032253881812
58,58,1,60,50,0.7,0.3,0.3,True,"{'model': 'gravity', 'alpha': 1.5, 'beta': -1.0}",1.0,0.7800395447530865,0.709007659007659,0.7941276996235387
59,59,1,37,50,0.7,0.3,0.3,True,"{'model': 'gravity', 'alpha': 1.5, 'beta': 0.0}",1.0,0.791489815579411,0.7362262737262737,0.8024353647276086
60,60,1,178,50,0.7,0.3,0.3,True,"{'model': 'gravity', 'alpha': 2.0, 'beta': -5.0}",1.0,0.7346007918178818,0.6748765066192451,0.7442544153811759
61,61,1,500,50,0.7,0.3,0.3,True,"{'model': 'gravity', 'alpha': 2.0, 'beta': -4.0}",0.999407231772377,0.7521494905015949,0.71375,0.7591458938165316
62,62,1,500,50,0.7,0.3,0.3,True,"{'model': 'gravity', 'alpha': 2.0, 'beta': -3.0}",0.999421965317919,0.7652642444260941,0.7141908212560387,0.7749590620292133
63,63,1,336,50,0.7,0.3,0.3,True,"{'model': 'gravity', 'alpha': 2.0, 'beta': -2.0}",1.0,0.7912685006435005,0.7808857808857809,0.7932614253755195
64,64,1,435,50,0.7,0.3,0.3,True,"{'model': 'gravity', 'alpha': 2.0, 'beta': -1.0}",1.0,0.8011068283412296,0.796831045585494,0.8019088943988811
65,65,1,28,50,0.7,0.3,0.3,True,"{'model': 'gravity', 'alpha': 2.0, 'beta': 0.0}",1.0,0.8283671134357633,0.801065797940798,0.8339326708644891
66,66,1,500,50,0.7,0.3,0.3,True,"{'model': 'gravity', 'alpha': 2.5, 'beta': -5.0}",0.9971894322653176,0.7191493348323028,0.7194537815126051,0.7190983939507561
67,67,1,500,50,0.7,0.3,0.3,True,"{'model': 'gravity', 'alpha': 2.5, 'beta': -4.0}",0.9988465974625144,0.7597798923490965,0.652364185110664,0.7808185550082102
68,68,1,500,50,0.7,0.3,0.3,True,"{'model': 'gravity', 'alpha': 2.5, 'beta': -3.0}",0.9954622802041974,0.7964002106798478,0.7328889432485323,0.8090074779061862
69,69,1,268,50,0.7,0.3,0.3,True,"{'model': 'gravity', 'alpha': 2.5, 'beta': -2.0}",1.0,0.8066548784165364,0.702300785634119,0.8281779100529099
70,70,1,214,50,0.7,0.3,0.3,True,"{'model': 'gravity', 'alpha': 2.5, 'beta': -1.0}",1.0,0.8167075530841987,0.7501223091976517,0.8300703649157257
71,71,1,36,50,0.7,0.3,0.3,True,"{'model': 'gravity', 'alpha': 2.5, 'beta': 0.0}",1.0,0.8079340390002154,0.6775198412698412,0.8345854418061501
72,72,2,273,50,0.7,0.3,0.3,True,"{'model': 'gravity', 'alpha': 0.0, 'beta': -5.0}",1.0,0.7263383530050196,0.7223643410852714,0.7268931663574522
73,73,2,150,50,0.7,0.3,0.3,True,"{'model': 'gravity', 'alpha': 0.0, 'beta': -4.0}",1.0,0.7411559736027821,0.7346848401196227,0.7420303369389532
74,74,2,45,50,0.7,0.3,0.3,True,"{'model': 'gravity', 'alpha': 0.0, 'beta': -3.0}",1.0,0.7349156717832102,0.7758872416891285,0.7293009511496905
75,75,2,19,50,0.7,0.3,0.3,True,"{'model': 'gravity', 'alpha': 0.0, 'beta': -2.0}",1.0,0.7619797153121033,0.7720185881370092,0.7604885993485342
76,76,2,18,50,0.7,0.3,0.3,True,"{'model': 'gravity', 'alpha': 0.0, 'beta': -1.0}",1.0,0.7913137804141265,0.7731416957026712,0.7937501946494752
77,77,2,16,50,0.7,0.3,0.3,True,"{'model': 'gravity', 'alpha': 0.0, 'beta': 0.0}",1.0,0.8007836218921802,0.8101354303189165,0.7994450176656349
78,78,2,358,50,0.7,0.3,0.3,True,"{'model': 'gravity', 'alpha': 0.5, 'beta': -5.0}",1.0,0.734961375361262,0.7226828231292517,0.7367485070701444
79,79,2,73,50,0.7,0.3,0.3,True,"{'model': 'gravity', 'alpha': 0.5, 'beta': -4.0}",1.0,0.7256641458212137,0.7217517006802722,0.7262086212881441
80,80,2,45,50,0.7,0.3,0.3,True,"{'model': 'gravity', 'alpha': 0.5, 'beta': -3.0}",1.0,0.747741380756648,0.7225572047000618,0.7516935170807454
81,81,2,38,50,0.7,0.3,0.3,True,"{'model': 'gravity', 'alpha': 0.5, 'beta': -2.0}",1.0,0.7709250385771137,0.753797717434081,0.773657280974354
82,82,2,25,50,0.7,0.3,0.3,True,"{'model': 'gravity', 'alpha': 0.5, 'beta': -1.0}",1.0,0.7963632404181183,0.7304973340687627,0.807404838958237
83,83,2,13,50,0.7,0.3,0.3,True,"{'model': 'gravity', 'alpha': 0.5, 'beta': 0.0}",1.0,0.7778445249067368,0.7646568343936766,0.7800321404586011
84,84,2,207,50,0.7,0.3,0.3,True,"{'model': 'gravity', 'alpha': 1.0, 'beta': -5.0}",1.0,0.7302406112611897,0.6644104803493449,0.7398487055752829
85,85,2,91,50,0.7,0.3,0.3,True,"{'model': 'gravity', 'alpha': 1.0, 'beta': -4.0}",1.0,0.7452146606674166,0.6929702872884691,0.7534458705357143
86,86,2,119,50,0.7,0.3,0.3,True,"{'model': 'gravity', 'alpha': 1.0, 'beta': -3.0}",1.0,0.7506862826242896,0.6944220430107527,0.7601271022617436
87,87,2,61,50,0.7,0.3,0.3,True,"{'model': 'gravity', 'alpha': 1.0, 'beta': -2.0}",1.0,0.7699631661234333,0.7407836935512212,0.775145103913125
88,88,2,27,50,0.7,0.3,0.3,True,"{'model': 'gravity', 'alpha': 1.0, 'beta': -1.0}",1.0,0.809325625411455,0.7543737060041408,0.8197137964774951
89,89,2,26,50,0.7,0.3,0.3,True,"{'model': 'gravity', 'alpha': 1.0, 'beta': 0.0}",1.0,0.8018902372807732,0.7640287769784173,0.8090213253323009
90,90,2,167,50,0.7,0.3,0.3,True,"{'model': 'gravity', 'alpha': 1.5, 'beta': -5.0}",1.0,0.7340689741243033,0.7035443722943723,0.7385548875528837
91,91,2,68,50,0.7,0.3,0.3,True,"{'model': 'gravity', 'alpha': 1.5, 'beta': -4.0}",1.0,0.7386220153783893,0.6978524743230626,0.7455069378744876
92,92,2,142,50,0.7,0.3,0.3,True,"{'model': 'gravity', 'alpha': 1.5, 'beta': -3.0}",1.0,0.7485765315714553,0.7254565625533368,0.7528941161471282
93,93,2,23,50,0.7,0.3,0.3,True,"{'model': 'gravity', 'alpha': 1.5, 'beta': -2.0}",1.0,0.8029554263565892,0.7608411062019309,0.8115315405378386
94,94,2,43,50,0.7,0.3,0.3,True,"{'model': 'gravity', 'alpha': 1.5, 'beta': -1.0}",1.0,0.8096189404292949,0.773983134920635,0.8165115609709296
95,95,2,27,50,0.7,0.3,0.3,True,"{'model': 'gravity', 'alpha': 1.5, 'beta': 0.0}",1.0,0.8108680957898802,0.787783947501262,0.8153953403953403
96,96,2,500,50,0.7,0.3,0.3,True,"{'model': 'gravity', 'alpha': 2.0, 'beta': -5.0}",0.9994196169471852,0.7336946908769312,0.6941763191763193,0.739539513340313
97,97,2,500,50,0.7,0.3,0.3,True,"{'model': 'gravity', 'alpha': 2.0, 'beta': -4.0}",0.9959654178674352,0.7532077672567585,0.686378633850544,0.7653626573245101
98,98,2,278,50,0.7,0.3,0.3,True,"{'model': 'gravity', 'alpha': 2.0, 'beta': -3.0}",1.0,0.7682415179420313,0.7185470301194682,0.7778085519922254
99,99,2,54,50,0.7,0.3,0.3,True,"{'model': 'gravity', 'alpha': 2.0, 'beta': -2.0}",1.0,0.7820041023166023,0.7372762863534676,0.7910222952509826
100,100,2,30,50,0.7,0.3,0.3,True,"{'model': 'gravity', 'alpha': 2.0, 'beta': -1.0}",1.0,0.8072739492666827,0.7439484126984127,0.8194243520192886
101,101,2,60,50,0.7,0.3,0.3,True,"{'model': 'gravity', 'alpha': 2.0, 'beta': 0.0}",1.0,0.7915319727891157,0.7155216600529101,0.8065052765292164
102,102,2,500,50,0.7,0.3,0.3,True,"{'model': 'gravity', 'alpha': 2.5, 'beta': -5.0}",0.9994275901545506,0.7481839616212826,0.7042128091546697,0.7558028718539129
103,103,2,500,50,0.7,0.3,0.3,True,"{'model': 'gravity', 'alpha': 2.5, 'beta': -4.0}",0.9994239631336406,0.7542606155365371,0.7172468626439745,0.7612879010411567
104,104,2,500,50,0.7,0.3,0.3,True,"{'model': 'gravity', 'alpha': 2.5, 'beta': -3.0}",0.9982817869415808,0.7570105820105821,0.669632768361582,0.7747751960880838
105,105,2,500,50,0.7,0.3,0.3,True,"{'model': 'gravity', 'alpha': 2.5, 'beta': -2.0}",0.9966573816155989,0.784767210505372,0.7583962105969149,0.7897237717059028
106,106,2,128,50,0.7,0.3,0.3,True,"{'model': 'gravity', 'alpha': 2.5, 'beta': -1.0}",1.0,0.8054494382022472,0.7261173411344061,0.821081115701156
107,107,2,282,50,0.7,0.3,0.3,True,"{'model': 'gravity', 'alpha': 2.5, 'beta': 0.0}",1.0,0.8120539119537975,0.7004351395730707,0.8342551766934483
108,108,3,248,50,0.7,0.3,0.3,True,"{'model': 'gravity', 'alpha': 0.0, 'beta': -5.0}",1.0,0.7370209734097009,0.7013157894736841,0.7419564121945074
109,109,3,180,50,0.7,0.3,0.3,True,"{'model': 'gravity', 'alpha': 0.0, 'beta': -4.0}",1.0,0.7380985468117208,0.6669089759797725,0.7483266733266734
110,110,3,56,50,0.7,0.3,0.3,True,"{'model': 'gravity', 'alpha': 0.0, 'beta': -3.0}",1.0,0.7638781638781639,0.7417261904761905,0.7670101909658465
111,111,3,24,50,0.7,0.3,0.3,True,"{'model': 'gravity', 'alpha': 0.0, 'beta': -2.0}",1.0,0.7809654631083203,0.7999526178630657,0.7784678072799801
112,112,3,23,50,0.7,0.3,0.3,True,"{'model': 'gravity', 'alpha': 0.0, 'beta': -1.0}",1.0,0.7952485014985016,0.7952380952380952,0.7952500079418025
113,113,3,19,50,0.7,0.3,0.3,True,"{'model': 'gravity', 'alpha': 0.0, 'beta': 0.0}",1.0,0.7977227429433312,0.7765595757953836,0.8008717782109595
114,114,3,368,50,0.7,0.3,0.3,True,"{'model': 'gravity', 'alpha': 0.5, 'beta': -5.0}",1.0,0.7217563442091204,0.6902804957599479,0.7262676078284717
115,115,3,127,50,0.7,0.3,0.3,True,"{'model': 'gravity', 'alpha': 0.5, 'beta': -4.0}",1.0,0.7392155637050618,0.7056051587301587,0.7440619238349544
116,116,3,69,50,0.7,0.3,0.3,True,"{'model': 'gravity', 'alpha': 0.5, 'beta': -3.0}",1.0,0.7567285714285715,0.7112904761904763,0.7643015873015875
117,117,3,49,50,0.7,0.3,0.3,True,"{'model': 'gravity', 'alpha': 0.5, 'beta': -2.0}",1.0,0.7658995013425393,0.7234952380952381,0.7730238735279057
118,118,3,34,50,0.7,0.3,0.3,True,"{'model': 'gravity', 'alpha': 0.5, 'beta': -1.0}",1.0,0.8030973928032752,0.7980435206869633,0.8039065429321335
119,119,3,21,50,0.7,0.3,0.3,True,"{'model': 'gravity', 'alpha': 0.5, 'beta': 0.0}",1.0,0.8022837155281852,0.7639271924986211,0.8088889944275582
120,120,3,200,50,0.7,0.3,0.3,True,"{'model': 'gravity', 'alpha': 1.0, 'beta': -5.0}",1.0,0.7282365857005626,0.6855773282764432,0.7346255798542082
121,121,3,233,50,0.7,0.3,0.3,True,"{'model': 'gravity', 'alpha': 1.0, 'beta': -4.0}",1.0,0.7356558616518201,0.7343955254515598,0.7358507936507938
122,122,3,37,50,0.7,0.3,0.3,True,"{'model': 'gravity', 'alpha': 1.0, 'beta': -3.0}",1.0,0.763972608274079,0.7057576562223402,0.7744194542393342
123,123,3,70,50,0.7,0.3,0.3,True,"{'model': 'gravity', 'alpha': 1.0, 'beta': -2.0}",1.0,0.7760608868476888,0.7520768161279111,0.7804448997744527
124,124,3,18,50,0.7,0.3,0.3,True,"{'model': 'gravity', 'alpha': 1.0, 'beta': -1.0}",1.0,0.7877494847597353,0.7619755244755245,0.7927640103660512
125,125,3,47,50,0.7,0.3,0.3,True,"{'model': 'gravity', 'alpha': 1.0, 'beta': 0.0}",1.0,0.7992715499797654,0.7408715515726586,0.8098648562503984
126,126,3,500,50,0.7,0.3,0.3,True,"{'model': 'gravity', 'alpha': 1.5, 'beta': -5.0}",0.9994216310005783,0.7298679390784654,0.7320533080488832,0.729539334030352
127,127,3,500,50,0.7,0.3,0.3,True,"{'model': 'gravity', 'alpha': 1.5, 'beta': -4.0}",0.9994295493439818,0.7391750196941298,0.7252031368102797,0.7415207322102726
128,128,3,500,50,0.7,0.3,0.3,True,"{'model': 'gravity', 'alpha': 1.5, 'beta': -3.0}",0.9988372093023256,0.7523034330011075,0.7454553684591707,0.7535395627022257
129,129,3,262,50,0.7,0.3,0.3,True,"{'model': 'gravity', 'alpha': 1.5, 'beta': -2.0}",1.0,0.7749598409975769,0.7443982683982684,0.7806616269302836
130,130,3,21,50,0.7,0.3,0.3,True,"{'model': 'gravity', 'alpha': 1.5, 'beta': -1.0}",1.0,0.7917650701899257,0.7642691222830595,0.7972337722337722
131,131,3,61,50,0.7,0.3,0.3,True,"{'model': 'gravity', 'alpha': 1.5, 'beta': 0.0}",1.0,0.807816318856928,0.793748885321919,0.8103103459179156
132,132,3,500,50,0.7,0.3,0.3,True,"{'model': 'gravity', 'alpha': 2.0, 'beta': -5.0}",0.9994242947610823,0.7487731995504017,0.7096021947873798,0.755144387072098
133,133,3,500,50,0.7,0.3,0.3,True,"{'model': 'gravity', 'alpha': 2.0, 'beta': -4.0}",0.9977024698449167,0.7399934356281284,0.6671227878124429,0.7528442728442728
134,134,3,500,50,0.7,0.3,0.3,True,"{'model': 'gravity', 'alpha': 2.0, 'beta': -3.0}",0.999421965317919,0.7647109826589595,0.7241836734693878,0.772536945812808
135,135,3,500,50,0.7,0.3,0.3,True,"{'model': 'gravity', 'alpha': 2.0, 'beta': -2.0}",0.9994134897360704,0.7690141041753945,0.6905467064874731,0.7848957283900865
136,136,3,135,50,0.7,0.3,0.3,True,"{'model': 'gravity', 'alpha': 2.0, 'beta': -1.0}",1.0,0.7830840368275823,0.7224076949620428,0.7944996267082157
137,137,3,28,50,0.7,0.3,0.3,True,"{'model': 'gravity', 'alpha': 2.0, 'beta': 0.0}",1.0,0.8005401360544218,0.6939915023248358,0.8223191754334218
138,138,3,500,50,0.7,0.3,0.3,True,"{'model': 'gravity', 'alpha': 2.5, 'beta': -5.0}",0.9994340690435767,0.745574958902633,0.685451273532669,0.7558545552084319
139,139,3,500,50,0.7,0.3,0.3,True,"{'model': 'gravity', 'alpha': 2.5, 'beta': -4.0}",0.994874715261959,0.7347177025707776,0.6289935832489024,0.7549444336757769
140,140,3,500,50,0.7,0.3,0.3,True,"{'model': 'gravity', 'alpha': 2.5, 'beta': -3.0}",0.9954207212364052,0.7703164608716984,0.703844246031746,0.783437775384314
141,141,3,500,50,0.7,0.3,0.3,True,"{'model': 'gravity', 'alpha': 2.5, 'beta': -2.0}",0.9976771196283392,0.8034103478789889,0.7614557587740979,0.8118715315854185
142,142,3,75,50,0.7,0.3,0.3,True,"{'model': 'gravity', 'alpha': 2.5, 'beta': -1.0}",1.0,0.8168570325001379,0.78123973727422,0.8240499403103859
143,143,3,53,50,0.7,0.3,0.3,True,"{'model': 'gravity', 'alpha': 2.5, 'beta': 0.0}",1.0,0.7903925536220154,0.7195932539682539,0.8041976980365607
144,144,4,187,50,0.7,0.3,0.3,True,"{'model': 'gravity', 'alpha': 0.0, 'beta': -5.0}",1.0,0.7399036181549362,0.7416018387553042,0.7396756842271793
145,145,4,161,50,0.7,0.3,0.3,True,"{'model': 'gravity', 'alpha': 0.0, 'beta': -4.0}",1.0,0.7474656114565668,0.7315449010654489,0.7497150537634409
146,146,4,45,50,0.7,0.3,0.3,True,"{'model': 'gravity', 'alpha': 0.0, 'beta': -3.0}",1.0,0.7539024590838063,0.7403751123090745,0.755782982045277
147,147,4,17,50,0.7,0.3,0.3,True,"{'model': 'gravity', 'alpha': 0.0, 'beta': -2.0}",1.0,0.7558617109634551,0.7550458715596329,0.7559801217424387
148,148,4,24,50,0.7,0.3,0.3,True,"{'model': 'gravity', 'alpha': 0.0, 'beta': -1.0}",1.0,0.7833029984360675,0.76346953628613,0.7862580165442885
149,149,4,24,50,0.7,0.3,0.3,True,"{'model': 'gravity', 'alpha': 0.0, 'beta': 0.0}",1.0,0.7914634146341463,0.8465328066710556,0.7837337522331055
150,150,4,500,50,0.7,0.3,0.3,True,"{'model': 'gravity', 'alpha': 0.5, 'beta': -5.0}",0.9994369369369369,0.728309336121836,0.7621900373052446,0.723593420690919
151,151,4,106,50,0.7,0.3,0.3,True,"{'model': 'gravity', 'alpha': 0.5, 'beta': -4.0}",1.0,0.7056409426737852,0.7263251454427926,0.7026822314686392
152,152,4,54,50,0.7,0.3,0.3,True,"{'model': 'gravity', 'alpha': 0.5, 'beta': -3.0}",1.0,0.7662076123603333,0.7551814558422487,0.7678965040807146
153,153,4,22,50,0.7,0.3,0.3,True,"{'model': 'gravity', 'alpha': 0.5, 'beta': -2.0}",1.0,0.7727306975724697,0.7766647309330236,0.772082056683263
154,154,4,26,50,0.7,0.3,0.3,True,"{'model': 'gravity', 'alpha': 0.5, 'beta': -1.0}",1.0,0.7968157618778736,0.815109126984127,0.7939480887064165
155,155,4,21,50,0.7,0.3,0.3,True,"{'model': 'gravity', 'alpha': 0.5, 'beta': 0.0}",1.0,0.7825585242782694,0.7570739866194411,0.7867115600448934
156,156,4,197,50,0.7,0.3,0.3,True,"{'model': 'gravity', 'alpha': 1.0, 'beta': -5.0}",1.0,0.7272104047484758,0.7507738095238097,0.7238723821788858
157,157,4,500,50,0.7,0.3,0.3,True,"{'model': 'gravity', 'alpha': 1.0, 'beta': -4.0}",0.9994410285075461,0.7333938885783491,0.7295726240286909,0.7339831029185869
158,158,4,118,50,0.7,0.3,0.3,True,"{'model': 'gravity', 'alpha': 1.0, 'beta': -3.0}",1.0,0.7675561185572627,0.764055457573976,0.7681213415598799
159,159,4,54,50,0.7,0.3,0.3,True,"{'model': 'gravity', 'alpha': 1.0, 'beta': -2.0}",1.0,0.7734199879722269,0.6795384218669417,0.7911709735088575
160,160,4,33,50,0.7,0.3,0.3,True,"{'model': 'gravity', 'alpha': 1.0, 'beta': -1.0}",1.0,0.8019447779111645,0.733143547273982,0.814528700811007
161,161,4,26,50,0.7,0.3,0.3,True,"{'model': 'gravity', 'alpha': 1.0, 'beta': 0.0}",1.0,0.7969753833736885,0.7739513494928657,0.8012470895927023
162,162,4,500,50,0.7,0.3,0.3,True,"{'model': 'gravity', 'alpha': 1.5, 'beta': -5.0}",0.997651203758074,0.7322742778849649,0.7018192125334982,0.7370535714285714
163,163,4,305,50,0.7,0.3,0.3,True,"{'model': 'gravity', 'alpha': 1.5, 'beta': -4.0}",1.0,0.7391171031519403,0.6958241048357326,0.7465984116352502
164,164,4,63,50,0.7,0.3,0.3,True,"{'model': 'gravity', 'alpha': 1.5, 'beta': -3.0}",1.0,0.7510680390692013,0.6585332267235252,0.7681357126470684
165,165,4,69,50,0.7,0.3,0.3,True,"{'model': 'gravity', 'alpha': 1.5, 'beta': -2.0}",1.0,0.7771014978761458,0.7341067379332685,0.786066362715299
166,166,4,18,50,0.7,0.3,0.3,True,"{'model': 'gravity', 'alpha': 1.5, 'beta': -1.0}",1.0,0.8055890227576973,0.7236263736263736,0.8225605131249176
167,167,4,32,50,0.7,0.3,0.3,True,"{'model': 'gravity', 'alpha': 1.5, 'beta': 0.0}",1.0,0.8065332512315272,0.7316658223573117,0.8210137827421777
168,168,4,336,50,0.7,0.3,0.3,True,"{'model': 'gravity', 'alpha': 2.0, 'beta': -5.0}",1.0,0.7494620557156579,0.6841851851851851,0.7591887417218544
169,169,4,500,50,0.7,0.3,0.3,True,"{'model': 'gravity', 'alpha': 2.0, 'beta': -4.0}",0.9949944382647385,0.7642936596218021,0.7161626694473409,0.7729471316085489
170,170,4,463,50,0.7,0.3,0.3,True,"{'model': 'gravity', 'alpha': 2.0, 'beta': -3.0}",1.0,0.7631534752695163,0.7194220090863201,0.77154398708636
171,171,4,37,50,0.7,0.3,0.3,True,"{'model': 'gravity', 'alpha': 2.0, 'beta': -2.0}",1.0,0.7828121197371624,0.7211279860781521,0.7955291911285062
172,172,4,33,50,0.7,0.3,0.3,True,"{'model': 'gravity', 'alpha': 2.0, 'beta': -1.0}",1.0,0.8108314263920671,0.7776785714285714,0.817589859635314
173,173,4,36,50,0.7,0.3,0.3,True,"{'model': 'gravity', 'alpha': 2.0, 'beta': 0.0}",1.0,0.8234008424693838,0.7770802438622508,0.8328413593928403
174,174,4,500,50,0.7,0.3,0.3,True,"{'model': 'gravity', 'alpha': 2.5, 'beta': -5.0}",0.994343891402715,0.7464561786252962,0.6755881236956933,0.7581818752550459
175,175,4,500,50,0.7,0.3,0.3,True,"{'model': 'gravity', 'alpha': 2.5, 'beta': -4.0}",0.9982915717539863,0.7650938279639874,0.7253728181664124,0.7726610169491525
176,176,4,276,50,0.7,0.3,0.3,True,"{'model': 'gravity', 'alpha': 2.5, 'beta': -3.0}",1.0,0.7830959145021645,0.7323545861297539,0.79343853820598
177,177,4,500,50,0.7,0.3,0.3,True,"{'model': 'gravity', 'alpha': 2.5, 'beta': -2.0}",0.9965792474344356,0.7953684096215452,0.711021237763398,0.8118698672379654
178,178,4,321,50,0.7,0.3,0.3,True,"{'model': 'gravity', 'alpha': 2.5, 'beta': -1.0}",1.0,0.8280562397372742,0.7551572975760702,0.8418587052045698
179,179,4,252,50,0.7,0.3,0.3,True,"{'model': 'gravity', 'alpha': 2.5, 'beta': 0.0}",1.0,0.8003431573202346,0.7562201351128687,0.8091010923600209
180,180,5,434,50,0.7,0.3,0.3,True,"{'model': 'gravity', 'alpha': 0.0, 'beta': -5.0}",1.0,0.7296536796536797,0.7338870431893687,0.7290768905787915
181,181,5,100,50,0.7,0.3,0.3,True,"{'model': 'gravity', 'alpha': 0.0, 'beta': -4.0}",1.0,0.7257703863231502,0.7041613520408163,0.7288593612301334
182,182,5,56,50,0.7,0.3,0.3,True,"{'model': 'gravity', 'alpha': 0.0, 'beta': -3.0}",1.0,0.7424410540915394,0.730802852541983,0.7440013570194919
183,183,5,19,50,0.7,0.3,0.3,True,"{'model': 'gravity', 'alpha': 0.0, 'beta': -2.0}",1.0,0.7679546775130737,0.7809241706161136,0.7661423841059603
184,184,5,15,50,0.7,0.3,0.3,True,"{'model': 'gravity', 'alpha': 0.0, 'beta': -1.0}",1.0,0.7911143347499182,0.7669683257918553,0.7946089437739732
185,185,5,21,50,0.7,0.3,0.3,True,"{'model': 'gravity', 'alpha': 0.0, 'beta': 0.0}",1.0,0.8026257356875336,0.8281395891690008,0.7993231810490695
186,186,5,327,50,0.7,0.3,0.3,True,"{'model': 'gravity', 'alpha': 0.5, 'beta': -5.0}",1.0,0.7296514482081492,0.7194532237673832,0.7311677631578948
187,187,5,155,50,0.7,0.3,0.3,True,"{'model': 'gravity', 'alpha': 0.5, 'beta': -4.0}",1.0,0.7504049933295217,0.7257387329931974,0.7540281030444963
188,188,5,43,50,0.7,0.3,0.3,True,"{'model': 'gravity', 'alpha': 0.5, 'beta': -3.0}",1.0,0.7773964393449687,0.758228988806678,0.7805678500800453
189,189,5,32,50,0.7,0.3,0.3,True,"{'model': 'gravity', 'alpha': 0.5, 'beta': -2.0}",1.0,0.7664007527409589,0.7365000941087897,0.7714676426498263
190,190,5,20,50,0.7,0.3,0.3,True,"{'model': 'gravity', 'alpha': 0.5, 'beta': -1.0}",1.0,0.7980750628748307,0.7398946886446885,0.8084147055951568
191,191,5,20,50,0.7,0.3,0.3,True,"{'model': 'gravity', 'alpha': 0.5, 'beta': 0.0}",1.0,0.7795824530039547,0.7179752456538171,0.7898912287358502
192,192,5,159,50,0.7,0.3,0.3,True,"{'model': 'gravity', 'alpha': 1.0, 'beta': -5.0}",1.0,0.733529268688179,0.6553105113012948,0.7445153336415473
193,193,5,81,50,0.7,0.3,0.3,True,"{'model': 'gravity', 'alpha': 1.0, 'beta': -4.0}",1.0,0.7363366417181907,0.7363197865353037,0.7363392075990501
194,194,5,62,50,0.7,0.3,0.3,True,"{'model': 'gravity', 'alpha': 1.0, 'beta': -3.0}",1.0,0.7620525545069964,0.7117997198879552,0.7712633166474138
195,195,5,38,50,0.7,0.3,0.3,True,"{'model': 'gravity', 'alpha': 1.0, 'beta': -2.0}",1.0,0.7952347054995119,0.7623166757197175,0.8010333939335949
196,196,5,20,50,0.7,0.3,0.3,True,"{'model': 'gravity', 'alpha': 1.0, 'beta': -1.0}",1.0,0.8011428034270675,0.7501609896627691,0.8107446061534532
197,197,5,17,50,0.7,0.3,0.3,True,"{'model': 'gravity', 'alpha': 1.0, 'beta': 0.0}",1.0,0.8289102095021277,0.7620546120546121,0.8419086465313522
198,198,5,380,50,0.7,0.3,0.3,True,"{'model': 'gravity', 'alpha': 1.5, 'beta': -5.0}",1.0,0.7450528952487542,0.6954622434747959,0.75270933308724
199,199,5,125,50,0.7,0.3,0.3,True,"{'model': 'gravity', 'alpha': 1.5, 'beta': -4.0}",1.0,0.7591654907169144,0.7230749746707194,0.7648729411010702
200,200,5,500,50,0.7,0.3,0.3,True,"{'model': 'gravity', 'alpha': 1.5, 'beta': -3.0}",0.9994311717861206,0.7383085486754428,0.6797705943691346,0.7491167693492491
201,201,5,490,50,0.7,0.3,0.3,True,"{'model': 'gravity', 'alpha': 1.5, 'beta': -2.0}",1.0,0.8117207236574037,0.7840756835053413,0.816600351550016
202,202,5,59,50,0.7,0.3,0.3,True,"{'model': 'gravity', 'alpha': 1.5, 'beta': -1.0}",1.0,0.8032788539144471,0.8127997601918464,0.8015048512702668
203,203,5,38,50,0.7,0.3,0.3,True,"{'model': 'gravity', 'alpha': 1.5, 'beta': 0.0}",1.0,0.7993179634966379,0.7598645617667357,0.8067813897320408
204,204,5,500,50,0.7,0.3,0.3,True,"{'model': 'gravity', 'alpha': 2.0, 'beta': -5.0}",0.9988732394366198,0.7345560026827633,0.7719536286130173,0.729016509579252
205,205,5,500,50,0.7,0.3,0.3,True,"{'model': 'gravity', 'alpha': 2.0, 'beta': -4.0}",0.9960204661739624,0.7561615095156881,0.7222636815920398,0.7622544792564915
206,206,5,290,50,0.7,0.3,0.3,True,"{'model': 'gravity', 'alpha': 2.0, 'beta': -3.0}",1.0,0.76377977888246,0.7298941798941798,0.7704412481716236
207,207,5,30,50,0.7,0.3,0.3,True,"{'model': 'gravity', 'alpha': 2.0, 'beta': -2.0}",1.0,0.7748086363258174,0.7085304320403658,0.7889542318694261
208,208,5,367,50,0.7,0.3,0.3,True,"{'model': 'gravity', 'alpha': 2.0, 'beta': -1.0}",1.0,0.8110721329952099,0.7228090172239109,0.8287498308982684
209,209,5,21,50,0.7,0.3,0.3,True,"{'model': 'gravity', 'alpha': 2.0, 'beta': 0.0}",1.0,0.7973433072178696,0.7290787105220095,0.8113032493390891
210,210,5,500,50,0.7,0.3,0.3,True,"{'model': 'gravity', 'alpha': 2.5, 'beta': -5.0}",0.997709049255441,0.7398304969181259,0.6959372637944067,0.7472341747944158
211,211,5,500,50,0.7,0.3,0.3,True,"{'model': 'gravity', 'alpha': 2.5, 'beta': -4.0}",0.9977540707467715,0.7403150985267773,0.6494319131161237,0.7576290743570154
212,212,5,500,50,0.7,0.3,0.3,True,"{'model': 'gravity', 'alpha': 2.5, 'beta': -3.0}",0.9916434540389972,0.7583724631914047,0.6622932330827068,0.7765066225165563
213,213,5,306,50,0.7,0.3,0.3,True,"{'model': 'gravity', 'alpha': 2.5, 'beta': -2.0}",1.0,0.8154161838547702,0.7605664749121125,0.8268624116313191
214,214,5,500,50,0.7,0.3,0.3,True,"{'model': 'gravity', 'alpha': 2.5, 'beta': -1.0}",0.9949636261891438,0.8115090468196231,0.7561437074829932,0.8217959048251018
215,215,5,169,50,0.7,0.3,0.3,True,"{'model': 'gravity', 'alpha': 2.5, 'beta': 0.0}",1.0,0.8214369403297347,0.725906625995594,0.8402616376143726
216,216,6,500,50,0.7,0.3,0.3,True,"{'model': 'gravity', 'alpha': 0.0, 'beta': -5.0}",0.999437570303712,0.7234888049708071,0.7280292868321038,0.7228708352350524
217,217,6,147,50,0.7,0.3,0.3,True,"{'model': 'gravity', 'alpha': 0.0, 'beta': -4.0}",1.0,0.7487388562731029,0.7772980336413173,0.7450377636547849
218,218,6,30,50,0.7,0.3,0.3,True,"{'model': 'gravity', 'alpha': 0.0, 'beta': -3.0}",1.0,0.7467843537414967,0.7589091915836101,0.7450860865518847
219,219,6,30,50,0.7,0.3,0.3,True,"{'model': 'gravity', 'alpha': 0.0, 'beta': -2.0}",1.0,0.7658810732414794,0.7930272108843538,0.7619554858741431
220,220,6,19,50,0.7,0.3,0.3,True,"{'model': 'gravity', 'alpha': 0.0, 'beta': -1.0}",1.0,0.7958446548648277,0.7734970911441499,0.7991067497012014
221,221,6,24,50,0.7,0.3,0.3,True,"{'model': 'gravity', 'alpha': 0.0, 'beta': 0.0}",1.0,0.8024536999265726,0.7829724197371255,0.8052676626206038
222,222,6,500,50,0.7,0.3,0.3,True,"{'model': 'gravity', 'alpha': 0.5, 'beta': -5.0}",1.0,0.7204861395044566,0.7344666250779788,0.7183770939205723
223,223,6,77,50,0.7,0.3,0.3,True,"{'model': 'gravity', 'alpha': 0.5, 'beta': -4.0}",1.0,0.7385723842289209,0.7208173894557824,0.741188909774436
224,224,6,47,50,0.7,0.3,0.3,True,"{'model': 'gravity', 'alpha': 0.5, 'beta': -3.0}",1.0,0.7549975895870159,0.7410403726708075,0.7570713362864525
225,225,6,26,50,0.7,0.3,0.3,True,"{'model': 'gravity', 'alpha': 0.5, 'beta': -2.0}",1.0,0.7751725818240884,0.7627188029361943,0.7772647505217226
226,226,6,13,50,0.7,0.3,0.3,True,"{'model': 'gravity', 'alpha': 0.5, 'beta': -1.0}",1.0,0.7976893970439581,0.8197638404955478,0.7940619333905908
227,227,6,19,50,0.7,0.3,0.3,True,"{'model': 'gravity', 'alpha': 0.5, 'beta': 0.0}",1.0,0.7886384316320622,0.7805391578118851,0.7899583132916466
228,228,6,358,50,0.7,0.3,0.3,True,"{'model': 'gravity', 'alpha': 1.0, 'beta': -5.0}",1.0,0.7494654864827776,0.7059098639455782,0.755922441776181
229,229,6,105,50,0.7,0.3,0.3,True,"{'model': 'gravity', 'alpha': 1.0, 'beta': -4.0}",1.0,0.7465361888719553,0.7262517882689555,0.7495893318567737
230,230,6,92,50,0.7,0.3,0.3,True,"{'model': 'gravity', 'alpha': 1.0, 'beta': -3.0}",1.0,0.7470214380572946,0.6993502362777171,0.7553758560280299
231,231,6,23,50,0.7,0.3,0.3,True,"{'model': 'gravity', 'alpha': 1.0, 'beta': -2.0}",1.0,0.7690090834021469,0.7636883579054398,0.7700409149166912
232,232,6,12,50,0.7,0.3,0.3,True,"{'model': 'gravity', 'alpha': 1.0, 'beta': -1.0}",1.0,0.8158765688704133,0.8241883116883116,0.8142928523841249
233,233,6,45,50,0.7,0.3,0.3,True,"{'model': 'gravity', 'alpha': 1.0, 'beta': 0.0}",1.0,0.8068658450894547,0.7743170911775563,0.8124493414387032
234,234,6,424,50,0.7,0.3,0.3,True,"{'model': 'gravity', 'alpha': 1.5, 'beta': -5.0}",1.0,0.7319552584066801,0.6794936284372903,0.7395310734463277
235,235,6,338,50,0.7,0.3,0.3,True,"{'model': 'gravity', 'alpha': 1.5, 'beta': -4.0}",1.0,0.7551042772740887,0.7136253720238095,0.7622165343029375
236,236,6,432,50,0.7,0.3,0.3,True,"{'model': 'gravity', 'alpha': 1.5, 'beta': -3.0}",1.0,0.7411214826839827,0.7014784253051402,0.7485261535497544
237,237,6,284,50,0.7,0.3,0.3,True,"{'model': 'gravity', 'alpha': 1.5, 'beta': -2.0}",1.0,0.7906453147296655,0.813470939706681,0.7867446393762184
238,238,6,29,50,0.7,0.3,0.3,True,"{'model': 'gravity', 'alpha': 1.5, 'beta': -1.0}",1.0,0.7905367464905037,0.7347480430528376,0.8018651897476654
239,239,6,14,50,0.7,0.3,0.3,True,"{'model': 'gravity', 'alpha': 1.5, 'beta': 0.0}",1.0,0.8081696939944363,0.7128740347490348,0.8276231527093597
240,240,6,500,50,0.7,0.3,0.3,True,"{'model': 'gravity', 'alpha': 2.0, 'beta': -5.0}",0.9977515458122541,0.7473453518563131,0.7520458183273309,0.7466193875343777
241,241,6,500,50,0.7,0.3,0.3,True,"{'model': 'gravity', 'alpha': 2.0, 'beta': -4.0}",0.9977155910908052,0.7455318049549918,0.7089783549783549,0.7523422377080915
242,242,6,500,50,0.7,0.3,0.3,True,"{'model': 'gravity', 'alpha': 2.0, 'beta': -3.0}",0.9976825028968713,0.7620599514429178,0.6892857142857143,0.7764531905753279
243,243,6,500,50,0.7,0.3,0.3,True,"{'model': 'gravity', 'alpha': 2.0, 'beta': -2.0}",0.9982658959537573,0.7810452793834296,0.6882670594010801,0.799807240477845
244,244,6,416,50,0.7,0.3,0.3,True,"{'model': 'gravity', 'alpha': 2.0, 'beta': -1.0}",1.0,0.8328457662928652,0.757168458781362,0.8471216072635951
245,245,6,89,50,0.7,0.3,0.3,True,"{'model': 'gravity', 'alpha': 2.0, 'beta': 0.0}",1.0,0.8142636188333601,0.7288568166992824,0.8310461129270013
246,246,6,500,50,0.7,0.3,0.3,True,"{'model': 'gravity', 'alpha': 2.5, 'beta': -5.0}",0.9988776655443322,0.7340848965848965,0.6365166579452294,0.7517364069550949
247,247,6,500,50,0.7,0.3,0.3,True,"{'model': 'gravity', 'alpha': 2.5, 'beta': -4.0}",0.997070884592853,0.7409309007727286,0.6385416666666667,0.7603384768541563
248,248,6,500,50,0.7,0.3,0.3,True,"{'model': 'gravity', 'alpha': 2.5, 'beta': -3.0}",0.9966159052453468,0.7733724115703811,0.6685763888888889,0.7936964886964886
249,249,6,51,50,0.7,0.3,0.3,True,"{'model': 'gravity', 'alpha': 2.5, 'beta': -2.0}",1.0,0.8032434334581574,0.7618656015037594,0.8116912916946495
250,250,6,443,50,0.7,0.3,0.3,True,"{'model': 'gravity', 'alpha': 2.5, 'beta': -1.0}",1.0,0.7987626118408527,0.792432273262662,0.7999829700272479
251,251,6,227,50,0.7,0.3,0.3,True,"{'model': 'gravity', 'alpha': 2.5, 'beta': 0.0}",1.0,0.8172551406926406,0.7384289009721536,0.8327417370755237
252,252,7,451,50,0.7,0.3,0.3,True,"{'model': 'gravity', 'alpha': 0.0, 'beta': -5.0}",1.0,0.7201348467209934,0.7086525974025975,0.7218211583698899
253,253,7,132,50,0.7,0.3,0.3,True,"{'model': 'gravity', 'alpha': 0.0, 'beta': -4.0}",1.0,0.7500772521987163,0.7130155187074829,0.7553349015350281
254,254,7,70,50,0.7,0.3,0.3,True,"{'model': 'gravity', 'alpha': 0.0, 'beta': -3.0}",1.0,0.7505547783629581,0.7512930052403736,0.7504537374871363
255,255,7,47,50,0.7,0.3,0.3,True,"{'model': 'gravity', 'alpha': 0.0, 'beta': -2.0}",1.0,0.7629206894670812,0.7305689102564104,0.7672959625983032
256,256,7,14,50,0.7,0.3,0.3,True,"{'model': 'gravity', 'alpha': 0.0, 'beta': -1.0}",1.0,0.7861808052740548,0.8270961494645706,0.7806244005074414
257,257,7,15,50,0.7,0.3,0.3,True,"{'model': 'gravity', 'alpha': 0.0, 'beta': 0.0}",1.0,0.7962412269664179,0.8781945441493181,0.7853976697061804
258,258,7,420,50,0.7,0.3,0.3,True,"{'model': 'gravity', 'alpha': 0.5, 'beta': -5.0}",1.0,0.7335395468728801,0.7596530920060331,0.7297774259638667
259,259,7,87,50,0.7,0.3,0.3,True,"{'model': 'gravity', 'alpha': 0.5, 'beta': -4.0}",1.0,0.731613146699602,0.693070117955439,0.7371519603226919
260,260,7,41,50,0.7,0.3,0.3,True,"{'model': 'gravity', 'alpha': 0.5, 'beta': -3.0}",1.0,0.7220923980478121,0.710244226445943,0.7239402052655064
261,261,7,26,50,0.7,0.3,0.3,True,"{'model': 'gravity', 'alpha': 0.5, 'beta': -2.0}",1.0,0.7889588240071469,0.725,0.8004045384909996
262,262,7,21,50,0.7,0.3,0.3,True,"{'model': 'gravity', 'alpha': 0.5, 'beta': -1.0}",1.0,0.7920030618000162,0.7684805024371955,0.7959363929903759
263,263,7,22,50,0.7,0.3,0.3,True,"{'model': 'gravity', 'alpha': 0.5, 'beta': 0.0}",1.0,0.7728777877380273,0.7111449864498645,0.7829549404366922
264,264,7,184,50,0.7,0.3,0.3,True,"{'model': 'gravity', 'alpha': 1.0, 'beta': -5.0}",1.0,0.7256628093336593,0.7087098560354373,0.7280326955229426
265,265,7,93,50,0.7,0.3,0.3,True,"{'model': 'gravity', 'alpha': 1.0, 'beta': -4.0}",1.0,0.7313750911595496,0.7200541590026569,0.7330991285403049
266,266,7,47,50,0.7,0.3,0.3,True,"{'model': 'gravity', 'alpha': 1.0, 'beta': -3.0}",1.0,0.7582303695927213,0.6978359001593203,0.7690611111111111
267,267,7,32,50,0.7,0.3,0.3,True,"{'model': 'gravity', 'alpha': 1.0, 'beta': -2.0}",1.0,0.7580853737635804,0.7155435759209344,0.7656161529408022
268,268,7,18,50,0.7,0.3,0.3,True,"{'model': 'gravity', 'alpha': 1.0, 'beta': -1.0}",1.0,0.8179133165489049,0.7581370091896409,0.8294711507398075
269,269,7,18,50,0.7,0.3,0.3,True,"{'model': 'gravity', 'alpha': 1.0, 'beta': 0.0}",1.0,0.8047804629935115,0.7521761392729135,0.8148813620424081
270,270,7,500,50,0.7,0.3,0.3,True,"{'model': 'gravity', 'alpha': 1.5, 'beta': -5.0}",0.9982817869415808,0.726757759231986,0.787468671679198,0.7176391241608633
271,271,7,393,50,0.7,0.3,0.3,True,"{'model': 'gravity', 'alpha': 1.5, 'beta': -4.0}",1.0,0.746295997200463,0.7393943688586545,0.7474424773205262
272,272,7,500,50,0.7,0.3,0.3,True,"{'model': 'gravity', 'alpha': 1.5, 'beta': -3.0}",0.9994337485843715,0.7541235237016664,0.7768811341330425,0.7501590995440729
273,273,7,199,50,0.7,0.3,0.3,True,"{'model': 'gravity', 'alpha': 1.5, 'beta': -2.0}",1.0,0.79482092555332,0.7279028049575994,0.8079969816652216
274,274,7,107,50,0.7,0.3,0.3,True,"{'model': 'gravity', 'alpha': 1.5, 'beta': -1.0}",1.0,0.810409933204051,0.8052708443972384,0.8113321579465675
275,275,7,33,50,0.7,0.3,0.3,True,"{'model': 'gravity', 'alpha': 1.5, 'beta': 0.0}",1.0,0.796541461412151,0.7547162767546043,0.804802870907482
276,276,7,324,50,0.7,0.3,0.3,True,"{'model': 'gravity', 'alpha': 2.0, 'beta': -5.0}",1.0,0.7344057230735432,0.6971003754198775,0.7404275507925877
277,277,7,500,50,0.7,0.3,0.3,True,"{'model': 'gravity', 'alpha': 2.0, 'beta': -4.0}",0.9966348850252383,0.7543125550837273,0.6909812409812409,0.7653194457506505
278,278,7,500,50,0.7,0.3,0.3,True,"{'model': 'gravity', 'alpha': 2.0, 'beta': -3.0}",0.9994301994301994,0.7561063627730295,0.6841446510110893,0.7704691924616736
279,279,7,106,50,0.7,0.3,0.3,True,"{'model': 'gravity', 'alpha': 2.0, 'beta': -2.0}",1.0,0.8012346434007391,0.7489720461563465,0.8117301478507783
280,280,7,51,50,0.7,0.3,0.3,True,"{'model': 'gravity', 'alpha': 2.0, 'beta': -1.0}",1.0,0.8127104034316122,0.762063763861709,0.8228258745358609
281,281,7,49,50,0.7,0.3,0.3,True,"{'model': 'gravity', 'alpha': 2.0, 'beta': 0.0}",1.0,0.8033835292854459,0.7671462224465758,0.810261569416499
282,282,7,101,50,0.7,0.3,0.3,True,"{'model': 'gravity', 'alpha': 2.5, 'beta': -5.0}",1.0,0.7212832743920826,0.6706161863887186,0.7291326304457951
283,283,7,215,50,0.7,0.3,0.3,True,"{'model': 'gravity', 'alpha': 2.5, 'beta': -4.0}",1.0,0.7248071908878825,0.6815073716319268,0.7331753127660967
284,284,7,500,50,0.7,0.3,0.3,True,"{'model': 'gravity', 'alpha': 2.5, 'beta': -3.0}",0.9910112359550561,0.7371562332798288,0.6779590613223707,0.7481128336820746
285,285,7,500,50,0.7,0.3,0.3,True,"{'model': 'gravity', 'alpha': 2.5, 'beta': -2.0}",0.998868778280543,0.7725065987933636,0.6653614934345831,0.7944907001655468
286,286,7,500,50,0.7,0.3,0.3,True,"{'model': 'gravity', 'alpha': 2.5, 'beta': -1.0}",0.9983031674208145,0.7791828269769446,0.7448496240601503,0.785780913849019
287,287,7,124,50,0.7,0.3,0.3,True,"{'model': 'gravity', 'alpha': 2.5, 'beta': 0.0}",1.0,0.8307203561311209,0.7954467353951891,0.837684144213995
288,288,8,169,50,0.7,0.3,0.3,True,"{'model': 'gravity', 'alpha': 0.0, 'beta': -5.0}",1.0,0.7433208865333655,0.6910742496050553,0.7503515245383869
289,289,8,76,50,0.7,0.3,0.3,True,"{'model': 'gravity', 'alpha': 0.0, 'beta': -4.0}",1.0,0.7406661316211877,0.7245343915343915,0.7430003062318175
290,290,8,70,50,0.7,0.3,0.3,True,"{'model': 'gravity', 'alpha': 0.0, 'beta': -3.0}",1.0,0.7358409897823671,0.728109056122449,0.7369707700431771
291,291,8,34,50,0.7,0.3,0.3,True,"{'model': 'gravity', 'alpha': 0.0, 'beta': -2.0}",1.0,0.7580690072639225,0.7402840059790733,0.7606327146243111
292,292,8,20,50,0.7,0.3,0.3,True,"{'model': 'gravity', 'alpha': 0.0, 'beta': -1.0}",1.0,0.7952759208825066,0.8008737977949801,0.7945322238843181
293,293,8,16,50,0.7,0.3,0.3,True,"{'model': 'gravity', 'alpha': 0.0, 'beta': 0.0}",1.0,0.7764186564528835,0.8487698412698413,0.7665717680461684
294,294,8,294,50,0.7,0.3,0.3,True,"{'model': 'gravity', 'alpha': 0.5, 'beta': -5.0}",1.0,0.7145378707985183,0.7076061193708251,0.715532622139765
295,295,8,49,50,0.7,0.3,0.3,True,"{'model': 'gravity', 'alpha': 0.5, 'beta': -4.0}",1.0,0.7384697007037432,0.6799121050289275,0.746686963309914
296,296,8,42,50,0.7,0.3,0.3,True,"{'model': 'gravity', 'alpha': 0.5, 'beta': -3.0}",1.0,0.7498210218027986,0.7139229511547108,0.7553129787699716
297,297,8,22,50,0.7,0.3,0.3,True,"{'model': 'gravity', 'alpha': 0.5, 'beta': -2.0}",1.0,0.765348712887573,0.7058441558441558,0.7754933577204468
298,298,8,54,50,0.7,0.3,0.3,True,"{'model': 'gravity', 'alpha': 0.5, 'beta': -1.0}",1.0,0.7833178551239602,0.8089188134270101,0.7792217017954722
299,299,8,29,50,0.7,0.3,0.3,True,"{'model': 'gravity', 'alpha': 0.5, 'beta': 0.0}",1.0,0.7757416299853275,0.7003690036900369,0.7892330313895705
300,300,8,323,50,0.7,0.3,0.3,True,"{'model': 'gravity', 'alpha': 1.0, 'beta': -5.0}",1.0,0.7410255891711157,0.7349348708093103,0.7419058420516618
301,301,8,106,50,0.7,0.3,0.3,True,"{'model': 'gravity', 'alpha': 1.0, 'beta': -4.0}",1.0,0.7270755962697036,0.646546592775041,0.7395390577845548
302,302,8,98,50,0.7,0.3,0.3,True,"{'model': 'gravity', 'alpha': 1.0, 'beta': -3.0}",1.0,0.7520216799934053,0.7188067975281717,0.7579375869994498
303,303,8,52,50,0.7,0.3,0.3,True,"{'model': 'gravity', 'alpha': 1.0, 'beta': -2.0}",1.0,0.7675187471236362,0.723464458247067,0.7757176572584528
304,304,8,54,50,0.7,0.3,0.3,True,"{'model': 'gravity', 'alpha': 1.0, 'beta': -1.0}",1.0,0.7956308575762501,0.7339645822741908,0.8073628977657413
305,305,8,33,50,0.7,0.3,0.3,True,"{'model': 'gravity', 'alpha': 1.0, 'beta': 0.0}",1.0,0.8044261985654965,0.7344884050274385,0.8169935108311861
306,306,8,500,50,0.7,0.3,0.3,True,"{'model': 'gravity', 'alpha': 1.5, 'beta': -5.0}",0.9982876712328768,0.7192487497282017,0.651985773562537,0.7299769941067096
307,307,8,291,50,0.7,0.3,0.3,True,"{'model': 'gravity', 'alpha': 1.5, 'beta': -4.0}",1.0,0.732763689819919,0.6703432778733983,0.7426951163852121
308,308,8,246,50,0.7,0.3,0.3,True,"{'model': 'gravity', 'alpha': 1.5, 'beta': -3.0}",1.0,0.7539480569555758,0.6679727646454264,0.7704202356338814
309,309,8,22,50,0.7,0.3,0.3,True,"{'model': 'gravity', 'alpha': 1.5, 'beta': -2.0}",1.0,0.802507204610951,0.7629464285714286,0.8106447930110195
310,310,8,37,50,0.7,0.3,0.3,True,"{'model': 'gravity', 'alpha': 1.5, 'beta': -1.0}",1.0,0.7983044936284373,0.7637264870360956,0.8048081213743864
311,311,8,37,50,0.7,0.3,0.3,True,"{'model': 'gravity', 'alpha': 1.5, 'beta': 0.0}",1.0,0.8341704718417048,0.760311986863711,0.8488209237183245
312,312,8,365,50,0.7,0.3,0.3,True,"{'model': 'gravity', 'alpha': 2.0, 'beta': -5.0}",1.0,0.7334646258503401,0.6817669172932332,0.7419605233976492
313,313,8,361,50,0.7,0.3,0.3,True,"{'model': 'gravity', 'alpha': 2.0, 'beta': -4.0}",1.0,0.743816274294715,0.6830379188712522,0.7553483585985342
314,314,8,172,50,0.7,0.3,0.3,True,"{'model': 'gravity', 'alpha': 2.0, 'beta': -3.0}",1.0,0.764885982562039,0.7440393804580656,0.7689402678971992
315,315,8,143,50,0.7,0.3,0.3,True,"{'model': 'gravity', 'alpha': 2.0, 'beta': -2.0}",1.0,0.7905007645259938,0.7704736664984014,0.7943800723574851
316,316,8,41,50,0.7,0.3,0.3,True,"{'model': 'gravity', 'alpha': 2.0, 'beta': -1.0}",1.0,0.7950106465350367,0.7090525793650794,0.8122741914059906
317,317,8,24,50,0.7,0.3,0.3,True,"{'model': 'gravity', 'alpha': 2.0, 'beta': 0.0}",1.0,0.7861079383209594,0.6877996164908917,0.8062702782420607
318,318,8,500,50,0.7,0.3,0.3,True,"{'model': 'gravity', 'alpha': 2.5, 'beta': -5.0}",0.9977349943374858,0.7267917812651673,0.6644810977826244,0.7376464349037486
319,319,8,500,50,0.7,0.3,0.3,True,"{'model': 'gravity', 'alpha': 2.5, 'beta': -4.0}",0.9915254237288136,0.7376970675275759,0.6500597371565113,0.7540960045990226
320,320,8,500,50,0.7,0.3,0.3,True,"{'model': 'gravity', 'alpha': 2.5, 'beta': -3.0}",0.9988518943742825,0.7784935214039691,0.6964573070607553,0.7948781647645284
321,321,8,215,50,0.7,0.3,0.3,True,"{'model': 'gravity', 'alpha': 2.5, 'beta': -2.0}",1.0,0.7820940671350507,0.7382384225167731,0.7911004133481199
322,322,8,183,50,0.7,0.3,0.3,True,"{'model': 'gravity', 'alpha': 2.5, 'beta': -1.0}",1.0,0.7963018968032896,0.7649176451402478,0.80239916991414
323,323,8,159,50,0.7,0.3,0.3,True,"{'model': 'gravity', 'alpha': 2.5, 'beta': 0.0}",1.0,0.8003591720779221,0.7241968362687541,0.8155086285195275
324,324,9,224,50,0.7,0.3,0.3,True,"{'model': 'gravity', 'alpha': 0.0, 'beta': -5.0}",1.0,0.7269816746923489,0.7192504804612426,0.7280889684068874
325,325,9,500,50,0.7,0.3,0.3,True,"{'model': 'gravity', 'alpha': 0.0, 'beta': -4.0}",0.9994275901545506,0.737689099681086,0.7261961722488038,0.7392508824075794
326,326,9,47,50,0.7,0.3,0.3,True,"{'model': 'gravity', 'alpha': 0.0, 'beta': -3.0}",1.0,0.7404201841379121,0.7744308943089431,0.7358868970214872
327,327,9,23,50,0.7,0.3,0.3,True,"{'model': 'gravity', 'alpha': 0.0, 'beta': -2.0}",1.0,0.7514653616548661,0.7227671451355662,0.755448049073547
328,328,9,20,50,0.7,0.3,0.3,True,"{'model': 'gravity', 'alpha': 0.0, 'beta': -1.0}",1.0,0.788627586957113,0.8045887445887445,0.7863340176044291
329,329,9,17,50,0.7,0.3,0.3,True,"{'model': 'gravity', 'alpha': 0.0, 'beta': 0.0}",1.0,0.7998938775510204,0.8037124802527645,0.799370339428819
330,330,9,450,50,0.7,0.3,0.3,True,"{'model': 'gravity', 'alpha': 0.5, 'beta': -5.0}",1.0,0.7232986421660298,0.6908880613856917,0.7277220784821044
331,331,9,61,50,0.7,0.3,0.3,True,"{'model': 'gravity', 'alpha': 0.5, 'beta': -4.0}",1.0,0.7385363308670082,0.7547670583384869,0.7360793858827934
332,332,9,48,50,0.7,0.3,0.3,True,"{'model': 'gravity', 'alpha': 0.5, 'beta': -3.0}",1.0,0.7582366241691184,0.7299180327868854,0.76283086372847
333,333,9,29,50,0.7,0.3,0.3,True,"{'model': 'gravity', 'alpha': 0.5, 'beta': -2.0}",1.0,0.7873675747256905,0.7431353767560663,0.795058849655785
334,334,9,19,50,0.7,0.3,0.3,True,"{'model': 'gravity', 'alpha': 0.5, 'beta': -1.0}",1.0,0.7981291520125049,0.7357414448669202,0.8094998844998845
335,335,9,18,50,0.7,0.3,0.3,True,"{'model': 'gravity', 'alpha': 0.5, 'beta': 0.0}",1.0,0.7812687750333779,0.683408620365142,0.7982383563432226
336,336,9,257,50,0.7,0.3,0.3,True,"{'model': 'gravity', 'alpha': 1.0, 'beta': -5.0}",1.0,0.7353227821740941,0.7414636822470925,0.7344332125373515
337,337,9,149,50,0.7,0.3,0.3,True,"{'model': 'gravity', 'alpha': 1.0, 'beta': -4.0}",1.0,0.7316670821906424,0.673582251082251,0.7401918739477111
338,338,9,41,50,0.7,0.3,0.3,True,"{'model': 'gravity', 'alpha': 1.0, 'beta': -3.0}",1.0,0.7608527447467014,0.7194741282339707,0.7678595238095237
339,339,9,47,50,0.7,0.3,0.3,True,"{'model': 'gravity', 'alpha': 1.0, 'beta': -2.0}",1.0,0.7997135438133707,0.7174937343358396,0.8158963101815312
340,340,9,18,50,0.7,0.3,0.3,True,"{'model': 'gravity', 'alpha': 1.0, 'beta': -1.0}",1.0,0.7997635785421374,0.7436663277410608,0.8108178053830227
341,341,9,27,50,0.7,0.3,0.3,True,"{'model': 'gravity', 'alpha': 1.0, 'beta': 0.0}",1.0,0.8035660600204005,0.7340458811261731,0.8162650793650793
342,342,9,146,50,0.7,0.3,0.3,True,"{'model': 'gravity', 'alpha': 1.5, 'beta': -5.0}",1.0,0.7339367721830409,0.7044860004087471,0.7384841743191644
343,343,9,500,50,0.7,0.3,0.3,True,"{'model': 'gravity', 'alpha': 1.5, 'beta': -4.0}",0.9988577955454027,0.7264753474205217,0.6815380184331797,0.7338901561955453
344,344,9,255,50,0.7,0.3,0.3,True,"{'model': 'gravity', 'alpha': 1.5, 'beta': -3.0}",1.0,0.7676339713573755,0.7147479504622362,0.77748245955954
345,345,9,96,50,0.7,0.3,0.3,True,"{'model': 'gravity', 'alpha': 1.5, 'beta': -2.0}",1.0,0.7804744177166858,0.755060575466936,0.7853904241122287
346,346,9,83,50,0.7,0.3,0.3,True,"{'model': 'gravity', 'alpha': 1.5, 'beta': -1.0}",1.0,0.8034131061100239,0.7814112554112553,0.8075095915143308
347,347,9,31,50,0.7,0.3,0.3,True,"{'model': 'gravity', 'alpha': 1.5, 'beta': 0.0}",1.0,0.8245197787229311,0.7979094076655052,0.8298754424631003
348,348,9,500,50,0.7,0.3,0.3,True,"{'model': 'gravity', 'alpha': 2.0, 'beta': -5.0}",0.9983098591549295,0.7401133467471495,0.6847003440159334,0.7497519841269841
349,349,9,500,50,0.7,0.3,0.3,True,"{'model': 'gravity', 'alpha': 2.0, 'beta': -4.0}",0.996523754345307,0.7412135132152513,0.6574348607367474,0.7564095042534469
350,350,9,168,50,0.7,0.3,0.3,True,"{'model': 'gravity', 'alpha': 2.0, 'beta': -3.0}",1.0,0.7651619531061155,0.7093888070692194,0.7761133603238866
351,351,9,500,50,0.7,0.3,0.3,True,"{'model': 'gravity', 'alpha': 2.0, 'beta': -2.0}",0.9988485895221646,0.7961599089837432,0.7094848484848484,0.8124633574359975
352,352,9,76,50,0.7,0.3,0.3,True,"{'model': 'gravity', 'alpha': 2.0, 'beta': -1.0}",1.0,0.8079410560785919,0.7880666992824527,0.811935076852489
353,353,9,50,50,0.7,0.3,0.3,True,"{'model': 'gravity', 'alpha': 2.0, 'beta': 0.0}",1.0,0.806078924926412,0.7743921864520457,0.8122980221805377
354,354,9,165,50,0.7,0.3,0.3,True,"{'model': 'gravity', 'alpha': 2.5, 'beta': -5.0}",1.0,0.7096987394157206,0.6565930185633576,0.7179822490794071
355,355,9,500,50,0.7,0.3,0.3,True,"{'model': 'gravity', 'alpha': 2.5, 'beta': -4.0}",0.9988432620011567,0.7652820237406703,0.6903726708074535,0.7795111919509716
356,356,9,500,50,0.7,0.3,0.3,True,"{'model': 'gravity', 'alpha': 2.5, 'beta': -3.0}",0.9944008958566629,0.7642443875646563,0.6842749294839887,0.7795554178976462
357,357,9,500,50,0.7,0.3,0.3,True,"{'model': 'gravity', 'alpha': 2.5, 'beta': -2.0}",0.9977285633162976,0.7961108407019822,0.7377736006683375,0.8073751451800233
358,358,9,13,50,0.7,0.3,0.3,True,"{'model': 'gravity', 'alpha': 2.5, 'beta': -1.0}",1.0,0.8022264682765535,0.755834512022631,0.8118941180323572
359,359,9,52,50,0.7,0.3,0.3,True,"{'model': 'gravity', 'alpha': 2.5, 'beta': 0.0}",1.0,0.8196659765355419,0.7757175472928897,0.8286212740504435
