,RunId,iteration,Step,side,density,population,policy,homophily,town,mobility,total_happy,total_segregation,fsi,center_segregation,periphery_segregation
0,0,0,3,50,0.7,0.3,good,0.3,True,"{'model': 'gravity', 'alpha': 0.0, 'beta': 0}",1.0,0.7820779848171153,0.5992387166938553,0.8071869488536154,0.7784838587522485
1,1,0,2,50,0.7,0.3,good,0.3,True,"{'model': 'gravity', 'alpha': 0.1, 'beta': 0}",1.0,0.7866862824675326,0.5642317380352645,0.7527181688125893,0.7918693672622946
2,2,0,4,50,0.7,0.3,good,0.3,True,"{'model': 'gravity', 'alpha': 0.2, 'beta': 0}",1.0,0.7788190204856872,0.5673828125,0.8394634776987717,0.7700821071583784
3,3,0,6,50,0.7,0.3,good,0.3,True,"{'model': 'gravity', 'alpha': 0.3, 'beta': 0}",1.0,0.7976649650217432,0.5236686390532544,0.7771866905758118,0.8008764529433821
4,4,0,3,50,0.7,0.3,good,0.3,True,"{'model': 'gravity', 'alpha': 0.4, 'beta': 0}",1.0,0.7736220900225463,0.6154628687690743,0.7059006211180124,0.7850444444444444
5,5,0,4,50,0.7,0.3,good,0.3,True,"{'model': 'gravity', 'alpha': 0.5, 'beta': 0}",1.0,0.7829139847864248,0.5727699530516432,0.739059934318555,0.789802366444208
6,6,0,3,50,0.7,0.3,good,0.3,True,"{'model': 'gravity', 'alpha': 0.6, 'beta': 0}",1.0,0.776324660902673,0.5653988868274582,0.8122462919594067,0.7706953237300058
7,7,0,2,50,0.7,0.3,good,0.3,True,"{'model': 'gravity', 'alpha': 0.7, 'beta': 0}",1.0,0.8004998387616897,0.5506493506493506,0.7535027472527472,0.808581349206349
8,8,0,3,50,0.7,0.3,good,0.3,True,"{'model': 'gravity', 'alpha': 0.8, 'beta': 0}",1.0,0.7889681615220345,0.5443298969072164,0.7569327731092436,0.7941232814965066
9,9,0,4,50,0.7,0.3,good,0.3,True,"{'model': 'gravity', 'alpha': 0.9, 'beta': 0}",1.0,0.7853477749514509,0.5700359158542843,0.8011904761904762,0.782604126556283
10,10,0,3,50,0.7,0.3,good,0.3,True,"{'model': 'gravity', 'alpha': 1.0, 'beta': 0}",1.0,0.7983581519663995,0.5564345991561181,0.811141060197664,0.7960708658885567
11,11,0,4,50,0.7,0.3,good,0.3,True,"{'model': 'gravity', 'alpha': 1.1, 'beta': 0}",1.0,0.8022449756601668,0.5588081547307894,0.7831117483489746,0.8057944030692845
12,12,0,4,50,0.7,0.3,good,0.3,True,"{'model': 'gravity', 'alpha': 1.2, 'beta': 0}",1.0,0.7935532397910341,0.5712799167533819,0.730143196068463,0.8057575016307893
13,13,0,3,50,0.7,0.3,good,0.3,True,"{'model': 'gravity', 'alpha': 1.3, 'beta': 0}",1.0,0.8119869581894898,0.5062370062370062,0.8141683433936956,0.8115608829501539
14,14,0,2,50,0.7,0.3,good,0.3,True,"{'model': 'gravity', 'alpha': 1.4, 'beta': 0}",1.0,0.7790166529039362,0.5897948974487244,0.7660410149461244,0.7814584968602827
15,15,0,3,50,0.7,0.3,good,0.3,True,"{'model': 'gravity', 'alpha': 1.5, 'beta': 0}",1.0,0.7922520351765635,0.571716155007549,0.7946617869762745,0.7917868511661144
16,16,0,4,50,0.7,0.3,good,0.3,True,"{'model': 'gravity', 'alpha': 1.6, 'beta': 0}",1.0,0.7966606075628632,0.5718099305926322,0.7345195729537366,0.808719744803999
17,17,0,4,50,0.7,0.3,good,0.3,True,"{'model': 'gravity', 'alpha': 1.7, 'beta': 0}",1.0,0.8088142085537918,0.5254942767950052,0.7778692493946732,0.8151845944239524
18,18,0,3,50,0.7,0.3,good,0.3,True,"{'model': 'gravity', 'alpha': 1.8, 'beta': 0}",1.0,0.8026284497538853,0.5252165053489557,0.8089804214368673,0.8013580554172888
19,19,0,2,50,0.7,0.3,good,0.3,True,"{'model': 'gravity', 'alpha': 1.9, 'beta': 0}",1.0,0.7968260751594085,0.5647176411794103,0.7648582962596803,0.8031280452153576
20,20,0,3,50,0.7,0.3,good,0.3,True,"{'model': 'gravity', 'alpha': 2.0, 'beta': 0}",1.0,0.7873399531437288,0.5961045617631984,0.7724192176870748,0.7901858699883224
21,21,0,4,50,0.7,0.3,good,0.3,True,"{'model': 'gravity', 'alpha': 2.1, 'beta': 0}",1.0,0.8090393527929102,0.5288649706457925,0.7784992784992786,0.8152519569471625
22,22,0,3,50,0.7,0.3,good,0.3,True,"{'model': 'gravity', 'alpha': 2.2, 'beta': 0}",1.0,0.8002179361447096,0.5601217656012176,0.7689162286988374,0.8066770186335404
23,23,0,3,50,0.7,0.3,good,0.3,True,"{'model': 'gravity', 'alpha': 2.3, 'beta': 0}",1.0,0.7877762125731963,0.5529884480160723,0.8008122312470138,0.7850409356725147
24,24,0,5,50,0.7,0.3,good,0.3,True,"{'model': 'gravity', 'alpha': 2.4, 'beta': 0}",1.0,0.8004354583701798,0.5263157894736842,0.8215986394557824,0.796239925504929
25,25,0,4,50,0.7,0.3,good,0.3,True,"{'model': 'gravity', 'alpha': 2.5, 'beta': 0}",1.0,0.802144583432927,0.5175115207373272,0.7890380313199105,0.8047571269310398
26,26,0,3,50,0.7,0.3,good,0.3,True,"{'model': 'gravity', 'alpha': 2.6, 'beta': 0}",1.0,0.7932445473846748,0.5445445445445446,0.7988648947951273,0.7920582047685834
27,27,0,3,50,0.7,0.3,good,0.3,True,"{'model': 'gravity', 'alpha': 2.7, 'beta': 0}",1.0,0.7710578002244669,0.6063389986219568,0.7319365079365079,0.7789770901613007
28,28,0,3,50,0.7,0.3,good,0.3,True,"{'model': 'gravity', 'alpha': 2.8, 'beta': 0}",1.0,0.8083544579823915,0.5026634382566586,0.8045198412698412,0.8091494718136045
29,29,0,3,50,0.7,0.3,good,0.3,True,"{'model': 'gravity', 'alpha': 2.9, 'beta': 0}",1.0,0.8222235765751124,0.5058997050147492,0.7682683270676692,0.8335044540512215
30,30,0,4,50,0.7,0.3,good,0.3,True,"{'model': 'gravity', 'alpha': 3.0, 'beta': 0}",1.0,0.7878452585853619,0.5970302099334357,0.7838260801009145,0.7886875846799511
31,31,1,3,50,0.7,0.3,good,0.3,True,"{'model': 'gravity', 'alpha': 0.0, 'beta': 0}",1.0,0.7821022727272727,0.5838857725650178,0.8310305435305434,0.7759000975550272
32,32,1,3,50,0.7,0.3,good,0.3,True,"{'model': 'gravity', 'alpha': 0.1, 'beta': 0}",1.0,0.794140392220597,0.5391611925214755,0.7919209956709957,0.7944578611678742
33,33,1,3,50,0.7,0.3,good,0.3,True,"{'model': 'gravity', 'alpha': 0.2, 'beta': 0}",1.0,0.7715547415547416,0.5623800383877159,0.7441607412195649,0.7755013348233688
34,34,1,5,50,0.7,0.3,good,0.3,True,"{'model': 'gravity', 'alpha': 0.3, 'beta': 0}",1.0,0.7813667232597624,0.5656019656019656,0.7334903748733537,0.7887106800944922
35,35,1,3,50,0.7,0.3,good,0.3,True,"{'model': 'gravity', 'alpha': 0.4, 'beta': 0}",1.0,0.7906988939740656,0.5687401986408782,0.748139579718527,0.7977023254338378
36,36,1,2,50,0.7,0.3,good,0.3,True,"{'model': 'gravity', 'alpha': 0.5, 'beta': 0}",1.0,0.7834374566152992,0.5602226720647774,0.7810050568900126,0.7838066455594997
37,37,1,3,50,0.7,0.3,good,0.3,True,"{'model': 'gravity', 'alpha': 0.6, 'beta': 0}",1.0,0.7874729281465033,0.5525389643036702,0.694958550221708,0.8028092042186002
38,38,1,2,50,0.7,0.3,good,0.3,True,"{'model': 'gravity', 'alpha': 0.7, 'beta': 0}",1.0,0.7626825947016588,0.6287878787878788,0.6979089790897909,0.774705642530985
39,39,1,3,50,0.7,0.3,good,0.3,True,"{'model': 'gravity', 'alpha': 0.8, 'beta': 0}",1.0,0.7875292289070452,0.5549923973644196,0.7605031446540881,0.7924145715585007
40,40,1,3,50,0.7,0.3,good,0.3,True,"{'model': 'gravity', 'alpha': 0.9, 'beta': 0}",1.0,0.779847619047619,0.5825575698187163,0.7875298768155911,0.7785131423461403
41,41,1,4,50,0.7,0.3,good,0.3,True,"{'model': 'gravity', 'alpha': 1.0, 'beta': 0}",1.0,0.8065728838224594,0.5047381546134664,0.8270968614718615,0.8029678737762569
42,42,1,4,50,0.7,0.3,good,0.3,True,"{'model': 'gravity', 'alpha': 1.1, 'beta': 0}",1.0,0.7884891604362623,0.5627413127413128,0.8248324514991181,0.7819777546054918
43,43,1,3,50,0.7,0.3,good,0.3,True,"{'model': 'gravity', 'alpha': 1.2, 'beta': 0}",1.0,0.8067569642159326,0.5209994683678895,0.7550088183421516,0.8164867688022284
44,44,1,3,50,0.7,0.3,good,0.3,True,"{'model': 'gravity', 'alpha': 1.3, 'beta': 0}",1.0,0.778034254203678,0.5766634522661523,0.7239125061789422,0.7887181238615665
45,45,1,3,50,0.7,0.3,good,0.3,True,"{'model': 'gravity', 'alpha': 1.4, 'beta': 0}",1.0,0.800408878504673,0.5799667957941339,0.741995670995671,0.8115874672764025
46,46,1,3,50,0.7,0.3,good,0.3,True,"{'model': 'gravity', 'alpha': 1.5, 'beta': 0}",1.0,0.8047948022041287,0.5169902912621359,0.7852891156462585,0.8087689337689339
47,47,1,2,50,0.7,0.3,good,0.3,True,"{'model': 'gravity', 'alpha': 1.6, 'beta': 0}",1.0,0.7829500307761177,0.5796344647519582,0.8087760013752794,0.7779298245614035
48,48,1,3,50,0.7,0.3,good,0.3,True,"{'model': 'gravity', 'alpha': 1.7, 'beta': 0}",1.0,0.7879110135674381,0.5932539682539683,0.7819782168186423,0.7890204622963244
49,49,1,5,50,0.7,0.3,good,0.3,True,"{'model': 'gravity', 'alpha': 1.8, 'beta': 0}",1.0,0.8042549261083745,0.5363214837712519,0.8077731092436975,0.8035541990745299
50,50,1,3,50,0.7,0.3,good,0.3,True,"{'model': 'gravity', 'alpha': 1.9, 'beta': 0}",1.0,0.7958891686293619,0.5534838076545633,0.8030432309442548,0.7944593321639707
51,51,1,5,50,0.7,0.3,good,0.3,True,"{'model': 'gravity', 'alpha': 2.0, 'beta': 0}",1.0,0.799155881864941,0.5407066052227343,0.7663086913086913,0.8056978710704339
52,52,1,4,50,0.7,0.3,good,0.3,True,"{'model': 'gravity', 'alpha': 2.1, 'beta': 0}",1.0,0.8011652628996647,0.52747791952895,0.8095319914907544,0.7994930664573522
53,53,1,3,50,0.7,0.3,good,0.3,True,"{'model': 'gravity', 'alpha': 2.2, 'beta': 0}",1.0,0.8001755232199801,0.5478852698104035,0.7815577078288942,0.8038814986183407
54,54,1,2,50,0.7,0.3,good,0.3,True,"{'model': 'gravity', 'alpha': 2.3, 'beta': 0}",1.0,0.8019784320157455,0.5606936416184971,0.7891439909297052,0.8045843199158117
55,55,1,4,50,0.7,0.3,good,0.3,True,"{'model': 'gravity', 'alpha': 2.4, 'beta': 0}",1.0,0.7851719352143801,0.5714968914395027,0.733760786193672,0.7956011540082337
56,56,1,3,50,0.7,0.3,good,0.3,True,"{'model': 'gravity', 'alpha': 2.5, 'beta': 0}",1.0,0.8012917933130699,0.5310150375939849,0.785420582706767,0.8045474262579526
57,57,1,3,50,0.7,0.3,good,0.3,True,"{'model': 'gravity', 'alpha': 2.6, 'beta': 0}",1.0,0.7835942220025265,0.614621409921671,0.7420189504373177,0.7920825066137566
58,58,1,5,50,0.7,0.3,good,0.3,True,"{'model': 'gravity', 'alpha': 2.7, 'beta': 0}",1.0,0.8009269303515799,0.5644273127753304,0.8094834543987086,0.7991455791914508
59,59,1,3,50,0.7,0.3,good,0.3,True,"{'model': 'gravity', 'alpha': 2.8, 'beta': 0}",1.0,0.8031151365445314,0.5415162454873647,0.7869886545222116,0.806459389601352
60,60,1,4,50,0.7,0.3,good,0.3,True,"{'model': 'gravity', 'alpha': 2.9, 'beta': 0}",1.0,0.8146158290005776,0.5201654601861427,0.759500079101408,0.8262171162171164
61,61,1,3,50,0.7,0.3,good,0.3,True,"{'model': 'gravity', 'alpha': 3.0, 'beta': 0}",1.0,0.7971971930974224,0.5621865596790371,0.7942726231386025,0.7977829122013569
62,62,2,6,50,0.7,0.3,good,0.3,True,"{'model': 'gravity', 'alpha': 0.0, 'beta': 0}",1.0,0.7853478260869565,0.5526979324256177,0.7285437430786268,0.7934358246609903
63,63,2,3,50,0.7,0.3,good,0.3,True,"{'model': 'gravity', 'alpha': 0.1, 'beta': 0}",1.0,0.7842943117841196,0.5541433655312659,0.8152392510402219,0.7800754782389462
64,64,2,3,50,0.7,0.3,good,0.3,True,"{'model': 'gravity', 'alpha': 0.2, 'beta': 0}",1.0,0.7908577708606378,0.5446339017051154,0.7665055105011436,0.7945387395882446
65,65,2,3,50,0.7,0.3,good,0.3,True,"{'model': 'gravity', 'alpha': 0.3, 'beta': 0}",1.0,0.7890532623884768,0.5622509960159362,0.7844140882159316,0.7897006583984076
66,66,2,4,50,0.7,0.3,good,0.3,True,"{'model': 'gravity', 'alpha': 0.4, 'beta': 0}",1.0,0.7850905111057396,0.5691255495847581,0.707801618671184,0.7979550438596491
67,67,2,2,50,0.7,0.3,good,0.3,True,"{'model': 'gravity', 'alpha': 0.5, 'beta': 0}",1.0,0.7969785008715863,0.5597883597883598,0.7195199537304802,0.8099583252568326
68,68,2,3,50,0.7,0.3,good,0.3,True,"{'model': 'gravity', 'alpha': 0.6, 'beta': 0}",1.0,0.7766798172757475,0.587958115183246,0.7572222222222222,0.7800666341621973
69,69,2,4,50,0.7,0.3,good,0.3,True,"{'model': 'gravity', 'alpha': 0.7, 'beta': 0}",1.0,0.7732115646258503,0.592737978410206,0.7544428571428571,0.7763396825396826
70,70,2,3,50,0.7,0.3,good,0.3,True,"{'model': 'gravity', 'alpha': 0.8, 'beta': 0}",1.0,0.7826263611246547,0.5657894736842105,0.7591731266149871,0.7866603174603174
71,71,2,4,50,0.7,0.3,good,0.3,True,"{'model': 'gravity', 'alpha': 0.9, 'beta': 0}",1.0,0.7815160075329567,0.5772994129158513,0.8080213133640552,0.7771971403541706
72,72,2,2,50,0.7,0.3,good,0.3,True,"{'model': 'gravity', 'alpha': 1.0, 'beta': 0}",1.0,0.7693766658423323,0.6229166666666667,0.7118500273672688,0.7795767016045548
73,73,2,3,50,0.7,0.3,good,0.3,True,"{'model': 'gravity', 'alpha': 1.1, 'beta': 0}",1.0,0.7967736065619664,0.556390977443609,0.7450503663003663,0.8061060440831435
74,74,2,3,50,0.7,0.3,good,0.3,True,"{'model': 'gravity', 'alpha': 1.2, 'beta': 0}",1.0,0.7872839557057676,0.5758513931888545,0.7716833596907396,0.7901757214513713
75,75,2,3,50,0.7,0.3,good,0.3,True,"{'model': 'gravity', 'alpha': 1.3, 'beta': 0}",1.0,0.7938883580187927,0.5653436592449177,0.7490374873353597,0.8022534013605441
76,76,2,2,50,0.7,0.3,good,0.3,True,"{'model': 'gravity', 'alpha': 1.4, 'beta': 0}",1.0,0.7816193756492263,0.5838857725650178,0.8121761204481793,0.775965338516359
77,77,2,3,50,0.7,0.3,good,0.3,True,"{'model': 'gravity', 'alpha': 1.5, 'beta': 0}",1.0,0.766281392694064,0.5997116770783277,0.7825717787114845,0.763287483912484
78,78,2,5,50,0.7,0.3,good,0.3,True,"{'model': 'gravity', 'alpha': 1.6, 'beta': 0}",1.0,0.7848788399160466,0.567462250365319,0.7863908872901679,0.7845926934422509
79,79,2,3,50,0.7,0.3,good,0.3,True,"{'model': 'gravity', 'alpha': 1.7, 'beta': 0}",1.0,0.783551881413911,0.5377798507462687,0.8073826058201059,0.7788702657051906
80,80,2,3,50,0.7,0.3,good,0.3,True,"{'model': 'gravity', 'alpha': 1.8, 'beta': 0}",1.0,0.7818573583279465,0.5732117138742199,0.8015188834154352,0.7779995489400091
81,81,2,4,50,0.7,0.3,good,0.3,True,"{'model': 'gravity', 'alpha': 1.9, 'beta': 0}",1.0,0.7996108580106303,0.5487804878048781,0.7744802146210598,0.8044594332298137
82,82,2,3,50,0.7,0.3,good,0.3,True,"{'model': 'gravity', 'alpha': 2.0, 'beta': 0}",1.0,0.8095458183273309,0.5249266862170088,0.7989709443099274,0.8116395014381592
83,83,2,2,50,0.7,0.3,good,0.3,True,"{'model': 'gravity', 'alpha': 2.1, 'beta': 0}",1.0,0.7811792669421711,0.5632458233890215,0.7409353161059645,0.7892006802721089
84,84,2,3,50,0.7,0.3,good,0.3,True,"{'model': 'gravity', 'alpha': 2.2, 'beta': 0}",1.0,0.7945650369386569,0.5494562402900052,0.7497787966537967,0.8038680033416874
85,85,2,2,50,0.7,0.3,good,0.3,True,"{'model': 'gravity', 'alpha': 2.3, 'beta': 0}",1.0,0.7801441927658298,0.575801749271137,0.8257992007992009,0.7712069358886606
86,86,2,3,50,0.7,0.3,good,0.3,True,"{'model': 'gravity', 'alpha': 2.4, 'beta': 0}",1.0,0.8037487188010749,0.5293814432989691,0.8248299319727891,0.7993993316624897
87,87,2,4,50,0.7,0.3,good,0.3,True,"{'model': 'gravity', 'alpha': 2.5, 'beta': 0}",1.0,0.8005483689538808,0.5293289535429376,0.7914519906323186,0.8024318688778973
88,88,2,6,50,0.7,0.3,good,0.3,True,"{'model': 'gravity', 'alpha': 2.6, 'beta': 0}",1.0,0.7945635149616683,0.5635416666666667,0.7953547297297298,0.7944005368326872
89,89,2,3,50,0.7,0.3,good,0.3,True,"{'model': 'gravity', 'alpha': 2.7, 'beta': 0}",1.0,0.7940442350902841,0.5520428015564203,0.7861822660098522,0.7955962916139908
90,90,2,5,50,0.7,0.3,good,0.3,True,"{'model': 'gravity', 'alpha': 2.8, 'beta': 0}",1.0,0.7946789115646259,0.5601187530925285,0.7863513298295907,0.7963949328870072
91,91,2,5,50,0.7,0.3,good,0.3,True,"{'model': 'gravity', 'alpha': 2.9, 'beta': 0}",1.0,0.8086497120142776,0.5066921606118547,0.7905432040365814,0.8123975978328274
92,92,2,2,50,0.7,0.3,good,0.3,True,"{'model': 'gravity', 'alpha': 3.0, 'beta': 0}",1.0,0.8145798806761683,0.5040444893832153,0.7747658079625294,0.8231375213933353
93,93,3,2,50,0.7,0.3,good,0.3,True,"{'model': 'gravity', 'alpha': 0.0, 'beta': 0}",1.0,0.7747674580036096,0.5988279168886521,0.7526296296296296,0.7781104186641098
94,94,3,3,50,0.7,0.3,good,0.3,True,"{'model': 'gravity', 'alpha': 0.1, 'beta': 0}",1.0,0.7790560592447384,0.556483300589391,0.7325066137566137,0.7856148852234958
95,95,3,4,50,0.7,0.3,good,0.3,True,"{'model': 'gravity', 'alpha': 0.2, 'beta': 0}",1.0,0.7946817791378106,0.5487382483918852,0.7615660490137476,0.7998379091050101
96,96,3,6,50,0.7,0.3,good,0.3,True,"{'model': 'gravity', 'alpha': 0.3, 'beta': 0}",1.0,0.7800096061479347,0.573,0.79862012987013,0.7773070878516422
97,97,3,3,50,0.7,0.3,good,0.3,True,"{'model': 'gravity', 'alpha': 0.4, 'beta': 0}",1.0,0.79042690545606,0.5410086602139582,0.7180011520737326,0.8026706592657513
98,98,3,3,50,0.7,0.3,good,0.3,True,"{'model': 'gravity', 'alpha': 0.5, 'beta': 0}",1.0,0.7776730319877528,0.5550307038261691,0.7410063620589936,0.7836079385882793
99,99,3,3,50,0.7,0.3,good,0.3,True,"{'model': 'gravity', 'alpha': 0.6, 'beta': 0}",1.0,0.7751923023712681,0.572,0.7847531225604996,0.773612857465261
100,100,3,3,50,0.7,0.3,good,0.3,True,"{'model': 'gravity', 'alpha': 0.7, 'beta': 0}",1.0,0.8018706504465999,0.5263157894736842,0.7364571797711332,0.8132738095238097
101,101,3,3,50,0.7,0.3,good,0.3,True,"{'model': 'gravity', 'alpha': 0.8, 'beta': 0}",1.0,0.7959870301461468,0.5386904761904762,0.785580021482277,0.7978325396825396
102,102,3,3,50,0.7,0.3,good,0.3,True,"{'model': 'gravity', 'alpha': 0.9, 'beta': 0}",1.0,0.8042929707823324,0.5211970074812967,0.7708507125477928,0.8105477003087924
103,103,3,7,50,0.7,0.3,good,0.3,True,"{'model': 'gravity', 'alpha': 1.0, 'beta': 0}",1.0,0.7982573311810599,0.5186232909005186,0.7956895025668259,0.7987175216522319
104,104,3,3,50,0.7,0.3,good,0.3,True,"{'model': 'gravity', 'alpha': 1.1, 'beta': 0}",1.0,0.7764490920335076,0.6063202999464381,0.7450462236176523,0.7824821554237459
105,105,3,3,50,0.7,0.3,good,0.3,True,"{'model': 'gravity', 'alpha': 1.2, 'beta': 0}",1.0,0.8022730926923386,0.5302889095992545,0.7682015306122448,0.8086458631548812
106,106,3,3,50,0.7,0.3,good,0.3,True,"{'model': 'gravity', 'alpha': 1.3, 'beta': 0}",1.0,0.8019461402794736,0.5363773206221776,0.7877263581488934,0.804691495904956
107,107,3,5,50,0.7,0.3,good,0.3,True,"{'model': 'gravity', 'alpha': 1.4, 'beta': 0}",1.0,0.7988958690272226,0.55895865237366,0.769852448021462,0.8045184535982081
108,108,3,3,50,0.7,0.3,good,0.3,True,"{'model': 'gravity', 'alpha': 1.5, 'beta': 0}",1.0,0.8019449936837479,0.587017347509793,0.7855144247480014,0.8050285388127854
109,109,3,3,50,0.7,0.3,good,0.3,True,"{'model': 'gravity', 'alpha': 1.6, 'beta': 0}",1.0,0.803046823568137,0.5467851542080502,0.7839347079037801,0.8068956994562532
110,110,3,6,50,0.7,0.3,good,0.3,True,"{'model': 'gravity', 'alpha': 1.7, 'beta': 0}",1.0,0.777557094266278,0.5729806329711856,0.7537812752219532,0.7823316801192908
111,111,3,6,50,0.7,0.3,good,0.3,True,"{'model': 'gravity', 'alpha': 1.8, 'beta': 0}",1.0,0.8073776281891465,0.5037332005973121,0.7807348111658456,0.8127844979839381
112,112,3,5,50,0.7,0.3,good,0.3,True,"{'model': 'gravity', 'alpha': 1.9, 'beta': 0}",1.0,0.814722690650178,0.5140986908358509,0.8117188735959501,0.8153344287647399
113,113,3,3,50,0.7,0.3,good,0.3,True,"{'model': 'gravity', 'alpha': 2.0, 'beta': 0}",1.0,0.8026218081435472,0.5183879093198992,0.8125081539465102,0.8006072840860001
114,114,3,6,50,0.7,0.3,good,0.3,True,"{'model': 'gravity', 'alpha': 2.1, 'beta': 0}",1.0,0.790115566694514,0.5612449799196787,0.7325370281892021,0.8023168303465964
115,115,3,3,50,0.7,0.3,good,0.3,True,"{'model': 'gravity', 'alpha': 2.2, 'beta': 0}",1.0,0.8081348088531187,0.5548841893252769,0.7261744428411095,0.8246045170436239
116,116,3,3,50,0.7,0.3,good,0.3,True,"{'model': 'gravity', 'alpha': 2.3, 'beta': 0}",1.0,0.824596332785988,0.4855521155830753,0.8202540213409778,0.8254973398103168
117,117,3,3,50,0.7,0.3,good,0.3,True,"{'model': 'gravity', 'alpha': 2.4, 'beta': 0}",1.0,0.7975383141762452,0.5885684860968075,0.7425130517323209,0.809048115424071
118,118,3,2,50,0.7,0.3,good,0.3,True,"{'model': 'gravity', 'alpha': 2.5, 'beta': 0}",1.0,0.7848234905971626,0.5788165091994033,0.7601924331376386,0.7898181216931217
119,119,3,4,50,0.7,0.3,good,0.3,True,"{'model': 'gravity', 'alpha': 2.6, 'beta': 0}",1.0,0.7799381198262436,0.5969230769230769,0.7721770982640547,0.7815451457591348
120,120,3,3,50,0.7,0.3,good,0.3,True,"{'model': 'gravity', 'alpha': 2.7, 'beta': 0}",1.0,0.8127376110234913,0.5246659815005139,0.7821025020177562,0.8190751686368797
121,121,3,3,50,0.7,0.3,good,0.3,True,"{'model': 'gravity', 'alpha': 2.8, 'beta': 0}",1.0,0.8232339238311935,0.4840182648401826,0.7876318312559923,0.8305006523157208
122,122,3,2,50,0.7,0.3,good,0.3,True,"{'model': 'gravity', 'alpha': 2.9, 'beta': 0}",1.0,0.8139901477832513,0.5050301810865191,0.8058623120300753,0.8157108038201353
123,123,3,3,50,0.7,0.3,good,0.3,True,"{'model': 'gravity', 'alpha': 3.0, 'beta': 0}",1.0,0.7845796656706777,0.6166583040642248,0.7353804697554697,0.794466265800278
124,124,4,5,50,0.7,0.3,good,0.3,True,"{'model': 'gravity', 'alpha': 0.0, 'beta': 0}",1.0,0.7906975318731612,0.5624036979969184,0.793001107419712,0.7903744602863978
125,125,4,3,50,0.7,0.3,good,0.3,True,"{'model': 'gravity', 'alpha': 0.1, 'beta': 0}",1.0,0.7840960686600222,0.5644820295983086,0.7501594896331738,0.7887901421322996
126,126,4,3,50,0.7,0.3,good,0.3,True,"{'model': 'gravity', 'alpha': 0.2, 'beta': 0}",1.0,0.7864836552336553,0.5835586803677664,0.766193595342067,0.7896083517468856
127,127,4,3,50,0.7,0.3,good,0.3,True,"{'model': 'gravity', 'alpha': 0.3, 'beta': 0}",1.0,0.7852030174982393,0.5904059040590406,0.7817443286327408,0.7857314597970336
128,128,4,4,50,0.7,0.3,good,0.3,True,"{'model': 'gravity', 'alpha': 0.4, 'beta': 0}",1.0,0.7694329486669319,0.5950374531835206,0.7334754066235548,0.7750628988708885
129,129,4,4,50,0.7,0.3,good,0.3,True,"{'model': 'gravity', 'alpha': 0.5, 'beta': 0}",1.0,0.7910403491703151,0.5618090452261306,0.7248226950354609,0.8012310163096018
130,130,4,3,50,0.7,0.3,good,0.3,True,"{'model': 'gravity', 'alpha': 0.6, 'beta': 0}",1.0,0.7784399773499433,0.608738828202582,0.6948382055524912,0.7928081650709387
131,131,4,4,50,0.7,0.3,good,0.3,True,"{'model': 'gravity', 'alpha': 0.7, 'beta': 0}",1.0,0.786422342192691,0.5655737704918032,0.7774148277197058,0.7879256315823481
132,132,4,5,50,0.7,0.3,good,0.3,True,"{'model': 'gravity', 'alpha': 0.8, 'beta': 0}",1.0,0.7814095292115711,0.5963257199602781,0.7691015274034142,0.7835868459533346
133,133,4,4,50,0.7,0.3,good,0.3,True,"{'model': 'gravity', 'alpha': 0.9, 'beta': 0}",1.0,0.806493000473129,0.5288912024986986,0.793965830607052,0.8087580926090243
134,134,4,3,50,0.7,0.3,good,0.3,True,"{'model': 'gravity', 'alpha': 1.0, 'beta': 0}",1.0,0.780958386717916,0.5896066051481301,0.7470458553791887,0.7870061961376361
135,135,4,3,50,0.7,0.3,good,0.3,True,"{'model': 'gravity', 'alpha': 1.1, 'beta': 0}",1.0,0.790357210077707,0.5608782435129741,0.7467544812601847,0.7979616647720096
136,136,4,4,50,0.7,0.3,good,0.3,True,"{'model': 'gravity', 'alpha': 1.2, 'beta': 0}",1.0,0.7765018315018314,0.5728813559322034,0.7694319131161237,0.7778725299643666
137,137,4,4,50,0.7,0.3,good,0.3,True,"{'model': 'gravity', 'alpha': 1.3, 'beta': 0}",1.0,0.7939602947196072,0.5397301349325337,0.7937755102040815,0.7939956118966358
138,138,4,4,50,0.7,0.3,good,0.3,True,"{'model': 'gravity', 'alpha': 1.4, 'beta': 0}",1.0,0.801204729326166,0.5320869125821122,0.8054822291235334,0.800405953991881
139,139,4,3,50,0.7,0.3,good,0.3,True,"{'model': 'gravity', 'alpha': 1.5, 'beta': 0}",1.0,0.7993932629870131,0.546142208774584,0.7980384680562617,0.7996506648636467
140,140,4,4,50,0.7,0.3,good,0.3,True,"{'model': 'gravity', 'alpha': 1.6, 'beta': 0}",1.0,0.7899219091306248,0.5775012960082945,0.7637842465753425,0.7951782434736979
141,141,4,4,50,0.7,0.3,good,0.3,True,"{'model': 'gravity', 'alpha': 1.7, 'beta': 0}",1.0,0.7903240293865295,0.5597667638483965,0.7752289377289378,0.7932214765100671
142,142,4,3,50,0.7,0.3,good,0.3,True,"{'model': 'gravity', 'alpha': 1.8, 'beta': 0}",1.0,0.7952864044168393,0.5149038461538461,0.8204664057403783,0.790155517894527
143,143,4,3,50,0.7,0.3,good,0.3,True,"{'model': 'gravity', 'alpha': 1.9, 'beta': 0}",1.0,0.8145762391222096,0.5363303711447988,0.7919366715758468,0.8190549027224759
144,144,4,3,50,0.7,0.3,good,0.3,True,"{'model': 'gravity', 'alpha': 2.0, 'beta': 0}",1.0,0.7821824725378025,0.5640056683986774,0.8356175332323743,0.7720333972515181
145,145,4,3,50,0.7,0.3,good,0.3,True,"{'model': 'gravity', 'alpha': 2.1, 'beta': 0}",1.0,0.7959699119373778,0.54100790513834,0.7509281678773204,0.8050895512631957
146,146,4,4,50,0.7,0.3,good,0.3,True,"{'model': 'gravity', 'alpha': 2.2, 'beta': 0}",1.0,0.8085214085634255,0.5532133676092545,0.8045634920634921,0.80928285141712
147,147,4,3,50,0.7,0.3,good,0.3,True,"{'model': 'gravity', 'alpha': 2.3, 'beta': 0}",1.0,0.80384075165003,0.5443101711983888,0.7409499514091351,0.8165748393021119
148,148,4,3,50,0.7,0.3,good,0.3,True,"{'model': 'gravity', 'alpha': 2.4, 'beta': 0}",1.0,0.8149018079374197,0.5105210420841684,0.7727100142382535,0.8237210648148148
149,149,4,4,50,0.7,0.3,good,0.3,True,"{'model': 'gravity', 'alpha': 2.5, 'beta': 0}",1.0,0.8036676217765043,0.5376558603491272,0.792638888888889,0.8059573241061132
150,150,4,2,50,0.7,0.3,good,0.3,True,"{'model': 'gravity', 'alpha': 2.6, 'beta': 0}",1.0,0.8015229035094731,0.5727411944869831,0.7748149935649936,0.8068250774488198
151,151,4,4,50,0.7,0.3,good,0.3,True,"{'model': 'gravity', 'alpha': 2.7, 'beta': 0}",1.0,0.8042484603541187,0.5277096615988229,0.7671111111111111,0.8120286312849161
152,152,4,4,50,0.7,0.3,good,0.3,True,"{'model': 'gravity', 'alpha': 2.8, 'beta': 0}",1.0,0.7943491429658002,0.578582052553297,0.7901482021379981,0.7951956656548844
153,153,4,3,50,0.7,0.3,good,0.3,True,"{'model': 'gravity', 'alpha': 2.9, 'beta': 0}",1.0,0.7762804617927799,0.6037209302325581,0.7570621468926554,0.7800828782217113
154,154,4,4,50,0.7,0.3,good,0.3,True,"{'model': 'gravity', 'alpha': 3.0, 'beta': 0}",1.0,0.808396788611157,0.5522858644245927,0.769202380952381,0.8166424564215587
155,155,5,4,50,0.7,0.3,good,0.3,True,"{'model': 'gravity', 'alpha': 0.0, 'beta': 0}",1.0,0.7994806323456382,0.5138319672131147,0.8139285714285713,0.7975870623478748
156,156,5,4,50,0.7,0.3,good,0.3,True,"{'model': 'gravity', 'alpha': 0.1, 'beta': 0}",1.0,0.7788263369128974,0.5533980582524272,0.7744959244959244,0.7794530328428634
157,157,5,3,50,0.7,0.3,good,0.3,True,"{'model': 'gravity', 'alpha': 0.2, 'beta': 0}",1.0,0.7873887870820385,0.5560386473429951,0.7732426303854876,0.7894808243399793
158,158,5,4,50,0.7,0.3,good,0.3,True,"{'model': 'gravity', 'alpha': 0.3, 'beta': 0}",1.0,0.7564010833535452,0.5957253296953161,0.6823094258279443,0.7682149106361704
159,159,5,3,50,0.7,0.3,good,0.3,True,"{'model': 'gravity', 'alpha': 0.4, 'beta': 0}",1.0,0.7965574374079528,0.5221945137157107,0.8046028532870637,0.7952317417961181
160,160,5,3,50,0.7,0.3,good,0.3,True,"{'model': 'gravity', 'alpha': 0.5, 'beta': 0}",1.0,0.7616939845245029,0.6153441933788755,0.7008575464083938,0.7713883797948619
161,161,5,5,50,0.7,0.3,good,0.3,True,"{'model': 'gravity', 'alpha': 0.6, 'beta': 0}",1.0,0.7862414288424533,0.5767656090071648,0.7611285714285715,0.790407463582646
162,162,5,3,50,0.7,0.3,good,0.3,True,"{'model': 'gravity', 'alpha': 0.7, 'beta': 0}",1.0,0.7971411240868127,0.5450121654501217,0.7380465569127279,0.8076199893273064
163,163,5,4,50,0.7,0.3,good,0.3,True,"{'model': 'gravity', 'alpha': 0.8, 'beta': 0}",1.0,0.7728427750410509,0.5932371954251616,0.7431125706987777,0.7780892816896873
164,164,5,3,50,0.7,0.3,good,0.3,True,"{'model': 'gravity', 'alpha': 0.9, 'beta': 0}",1.0,0.7902363081491257,0.56088933804952,0.7593194740582799,0.7958959471766849
165,165,5,3,50,0.7,0.3,good,0.3,True,"{'model': 'gravity', 'alpha': 1.0, 'beta': 0}",1.0,0.7836638703371883,0.5596766524013315,0.6888354978354978,0.8012959206671175
166,166,5,4,50,0.7,0.3,good,0.3,True,"{'model': 'gravity', 'alpha': 1.1, 'beta': 0}",1.0,0.7999407549905209,0.6006984866123399,0.7622765091166578,0.8069815347959893
167,167,5,4,50,0.7,0.3,good,0.3,True,"{'model': 'gravity', 'alpha': 1.2, 'beta': 0}",1.0,0.8051315060908084,0.5380977404098791,0.800716011042098,0.805975464978235
168,168,5,4,50,0.7,0.3,good,0.3,True,"{'model': 'gravity', 'alpha': 1.3, 'beta': 0}",1.0,0.8122993080057985,0.522159959246052,0.7391654222664675,0.8267349512019389
169,169,5,3,50,0.7,0.3,good,0.3,True,"{'model': 'gravity', 'alpha': 1.4, 'beta': 0}",1.0,0.8007619598765432,0.5602314571278275,0.7778058219754332,0.8052578678530236
170,170,5,2,50,0.7,0.3,good,0.3,True,"{'model': 'gravity', 'alpha': 1.5, 'beta': 0}",1.0,0.8020578914296642,0.5346633416458852,0.7710988352175403,0.8079327157484154
171,171,5,2,50,0.7,0.3,good,0.3,True,"{'model': 'gravity', 'alpha': 1.6, 'beta': 0}",1.0,0.8019145731420835,0.5189873417721519,0.781456043956044,0.80598634721808
172,172,5,3,50,0.7,0.3,good,0.3,True,"{'model': 'gravity', 'alpha': 1.7, 'beta': 0}",1.0,0.7866633844807308,0.5992779783393501,0.7174008627841381,0.8003348726010349
173,173,5,3,50,0.7,0.3,good,0.3,True,"{'model': 'gravity', 'alpha': 1.8, 'beta': 0}",1.0,0.8081902048568715,0.524181729360039,0.7536081213307241,0.8190842365654395
174,174,5,2,50,0.7,0.3,good,0.3,True,"{'model': 'gravity', 'alpha': 1.9, 'beta': 0}",1.0,0.7690389343167122,0.5933395872420263,0.7633217993079585,0.7701456001020636
175,175,5,4,50,0.7,0.3,good,0.3,True,"{'model': 'gravity', 'alpha': 2.0, 'beta': 0}",1.0,0.7918640583734923,0.5480908651522475,0.7691666666666667,0.7965633113148641
176,176,5,3,50,0.7,0.3,good,0.3,True,"{'model': 'gravity', 'alpha': 2.1, 'beta': 0}",1.0,0.8050906385281386,0.5357142857142857,0.7518076126771778,0.8159952413545843
177,177,5,2,50,0.7,0.3,good,0.3,True,"{'model': 'gravity', 'alpha': 2.2, 'beta': 0}",1.0,0.7976102692920617,0.5769230769230769,0.764059934318555,0.804215562667701
178,178,5,4,50,0.7,0.3,good,0.3,True,"{'model': 'gravity', 'alpha': 2.3, 'beta': 0}",1.0,0.7822898128673894,0.5976035946080879,0.7476763213876616,0.7891186440677965
179,179,5,3,50,0.7,0.3,good,0.3,True,"{'model': 'gravity', 'alpha': 2.4, 'beta': 0}",1.0,0.785315158546017,0.5577788894447223,0.7559523809523809,0.7913519813519815
180,180,5,2,50,0.7,0.3,good,0.3,True,"{'model': 'gravity', 'alpha': 2.5, 'beta': 0}",1.0,0.7993865609664025,0.5664300202839757,0.7187411598302686,0.8160889236077206
181,181,5,2,50,0.7,0.3,good,0.3,True,"{'model': 'gravity', 'alpha': 2.6, 'beta': 0}",1.0,0.7801745399354961,0.6035590706870984,0.7709910122989594,0.7820806741940763
182,182,5,3,50,0.7,0.3,good,0.3,True,"{'model': 'gravity', 'alpha': 2.7, 'beta': 0}",1.0,0.7937960020073602,0.5847193347193347,0.7513338111164198,0.8028067863057218
183,183,5,4,50,0.7,0.3,good,0.3,True,"{'model': 'gravity', 'alpha': 2.8, 'beta': 0}",1.0,0.8138129957535453,0.508235294117647,0.7608207190160833,0.8246189833124336
184,184,5,3,50,0.7,0.3,good,0.3,True,"{'model': 'gravity', 'alpha': 2.9, 'beta': 0}",1.0,0.8164452609760693,0.527834008097166,0.7946526795536697,0.8209494575456375
185,185,5,3,50,0.7,0.3,good,0.3,True,"{'model': 'gravity', 'alpha': 3.0, 'beta': 0}",1.0,0.7986494369827702,0.5521783181357649,0.7932091441227653,0.7997756599200891
186,186,6,3,50,0.7,0.3,good,0.3,True,"{'model': 'gravity', 'alpha': 0.0, 'beta': 0}",1.0,0.7856151909582731,0.5484496124031008,0.7045109972240017,0.7972462103812586
187,187,6,3,50,0.7,0.3,good,0.3,True,"{'model': 'gravity', 'alpha': 0.1, 'beta': 0}",1.0,0.7599482519762041,0.6004889975550122,0.783349567099567,0.7565899419128381
188,188,6,3,50,0.7,0.3,good,0.3,True,"{'model': 'gravity', 'alpha': 0.2, 'beta': 0}",1.0,0.7915479562929989,0.5686574783052578,0.7557627475769069,0.796802964200625
189,189,6,3,50,0.7,0.3,good,0.3,True,"{'model': 'gravity', 'alpha': 0.3, 'beta': 0}",1.0,0.7771290287247735,0.5775427995971802,0.7473370927318295,0.7816244366707635
190,190,6,4,50,0.7,0.3,good,0.3,True,"{'model': 'gravity', 'alpha': 0.4, 'beta': 0}",1.0,0.773940970810635,0.5779189057156815,0.7827768099109562,0.7725024424064795
191,191,6,5,50,0.7,0.3,good,0.3,True,"{'model': 'gravity', 'alpha': 0.5, 'beta': 0}",1.0,0.8094945912154816,0.4892891918208374,0.7920510356609011,0.8120386807437168
192,192,6,4,50,0.7,0.3,good,0.3,True,"{'model': 'gravity', 'alpha': 0.6, 'beta': 0}",1.0,0.7964513457556935,0.5627316040232927,0.7419654714475432,0.8057294695354397
193,193,6,3,50,0.7,0.3,good,0.3,True,"{'model': 'gravity', 'alpha': 0.7, 'beta': 0}",1.0,0.7818271133154457,0.5732484076433121,0.7612612612612613,0.7853828914743467
194,194,6,3,50,0.7,0.3,good,0.3,True,"{'model': 'gravity', 'alpha': 0.8, 'beta': 0}",1.0,0.768352314929438,0.593503937007874,0.7424540682414698,0.7728060418480188
195,195,6,4,50,0.7,0.3,good,0.3,True,"{'model': 'gravity', 'alpha': 0.9, 'beta': 0}",1.0,0.7883072958608471,0.5655449522852838,0.7682555305586801,0.791658051378446
196,196,6,5,50,0.7,0.3,good,0.3,True,"{'model': 'gravity', 'alpha': 1.0, 'beta': 0}",1.0,0.7735928273470934,0.5845036319612591,0.7835485347985348,0.771864867442304
197,197,6,3,50,0.7,0.3,good,0.3,True,"{'model': 'gravity', 'alpha': 1.1, 'beta': 0}",1.0,0.7883042940496356,0.5633187772925764,0.7443889443889443,0.7967620650953984
198,198,6,4,50,0.7,0.3,good,0.3,True,"{'model': 'gravity', 'alpha': 1.2, 'beta': 0}",1.0,0.7915099160313778,0.5618850336613154,0.7307488050982475,0.8027434135166095
199,199,6,5,50,0.7,0.3,good,0.3,True,"{'model': 'gravity', 'alpha': 1.3, 'beta': 0}",1.0,0.7782116280971461,0.5882946518668012,0.7458581349206349,0.7845980612944286
200,200,6,3,50,0.7,0.3,good,0.3,True,"{'model': 'gravity', 'alpha': 1.4, 'beta': 0}",1.0,0.7924789678045625,0.5514918190567853,0.7317162359824476,0.8045655125594026
201,201,6,3,50,0.7,0.3,good,0.3,True,"{'model': 'gravity', 'alpha': 1.5, 'beta': 0}",1.0,0.8051959470775414,0.548489666136725,0.790948942753997,0.807957612716185
202,202,6,3,50,0.7,0.3,good,0.3,True,"{'model': 'gravity', 'alpha': 1.6, 'beta': 0}",1.0,0.8092581267666884,0.5182266009852217,0.7837273343501101,0.8141351850053413
203,203,6,2,50,0.7,0.3,good,0.3,True,"{'model': 'gravity', 'alpha': 1.7, 'beta': 0}",1.0,0.791664647769792,0.5573294629898403,0.7769855144855146,0.7944955527726937
204,204,6,3,50,0.7,0.3,good,0.3,True,"{'model': 'gravity', 'alpha': 1.8, 'beta': 0}",1.0,0.8029044097730106,0.5246062992125984,0.8084642448044509,0.8018015386113546
205,205,6,4,50,0.7,0.3,good,0.3,True,"{'model': 'gravity', 'alpha': 1.9, 'beta': 0}",1.0,0.7793243733601295,0.5862068965517241,0.7529440154440155,0.7848623775751435
206,206,6,3,50,0.7,0.3,good,0.3,True,"{'model': 'gravity', 'alpha': 2.0, 'beta': 0}",1.0,0.8121795910650137,0.522296258329062,0.7740666998506719,0.8195904310233579
207,207,6,3,50,0.7,0.3,good,0.3,True,"{'model': 'gravity', 'alpha': 2.1, 'beta': 0}",1.0,0.7889934129271305,0.5593561368209256,0.7853387950162144,0.7896937140240712
208,208,6,4,50,0.7,0.3,good,0.3,True,"{'model': 'gravity', 'alpha': 2.2, 'beta': 0}",1.0,0.7900952105379189,0.5743174924165824,0.7315236497283477,0.8023010323010322
209,209,6,3,50,0.7,0.3,good,0.3,True,"{'model': 'gravity', 'alpha': 2.3, 'beta': 0}",1.0,0.7977574438353219,0.5604341391218549,0.792652027027027,0.7987812943605627
210,210,6,3,50,0.7,0.3,good,0.3,True,"{'model': 'gravity', 'alpha': 2.4, 'beta': 0}",1.0,0.8068442223305704,0.5501234567901234,0.7612564827911362,0.8163377515954835
211,211,6,2,50,0.7,0.3,good,0.3,True,"{'model': 'gravity', 'alpha': 2.5, 'beta': 0}",1.0,0.8006479379493,0.565590312815338,0.7357784191117525,0.8137989598569804
212,212,6,4,50,0.7,0.3,good,0.3,True,"{'model': 'gravity', 'alpha': 2.6, 'beta': 0}",1.0,0.7920565424068051,0.5769428718476582,0.7447313384813385,0.8019424001075378
213,213,6,3,50,0.7,0.3,good,0.3,True,"{'model': 'gravity', 'alpha': 2.7, 'beta': 0}",1.0,0.8041780748376014,0.5807903951975988,0.6759953161592507,0.8307919219423645
214,214,6,4,50,0.7,0.3,good,0.3,True,"{'model': 'gravity', 'alpha': 2.8, 'beta': 0}",1.0,0.8082492756000219,0.5493762993762994,0.7691035474592521,0.816327826144308
215,215,6,4,50,0.7,0.3,good,0.3,True,"{'model': 'gravity', 'alpha': 2.9, 'beta': 0}",1.0,0.8078551078551078,0.5742993125330513,0.7729176620480968,0.815029761904762
216,216,6,4,50,0.7,0.3,good,0.3,True,"{'model': 'gravity', 'alpha': 3.0, 'beta': 0}",1.0,0.7938797926047209,0.5892494929006086,0.7463067735344963,0.8038760649891025
217,217,7,2,50,0.7,0.3,good,0.3,True,"{'model': 'gravity', 'alpha': 0.0, 'beta': 0}",1.0,0.774498184924194,0.5791451385627054,0.7467851656791747,0.7783359163703771
218,218,7,3,50,0.7,0.3,good,0.3,True,"{'model': 'gravity', 'alpha': 0.1, 'beta': 0}",1.0,0.7723100743187448,0.6079155672823219,0.756281544876015,0.7746089447014761
219,219,7,5,50,0.7,0.3,good,0.3,True,"{'model': 'gravity', 'alpha': 0.2, 'beta': 0}",1.0,0.7929631910235359,0.5533230293663061,0.7786511479591837,0.795077899233572
220,220,7,4,50,0.7,0.3,good,0.3,True,"{'model': 'gravity', 'alpha': 0.3, 'beta': 0}",1.0,0.7810422670509125,0.5682751540041068,0.7161814725890355,0.7913541368451188
221,221,7,5,50,0.7,0.3,good,0.3,True,"{'model': 'gravity', 'alpha': 0.4, 'beta': 0}",1.0,0.7873819053064336,0.5586450960566228,0.7311302114206679,0.7963717317165594
222,222,7,5,50,0.7,0.3,good,0.3,True,"{'model': 'gravity', 'alpha': 0.5, 'beta': 0}",1.0,0.7881269473626161,0.5253500724287784,0.7750231610153788,0.7904178814382895
223,223,7,3,50,0.7,0.3,good,0.3,True,"{'model': 'gravity', 'alpha': 0.6, 'beta': 0}",1.0,0.777990674833085,0.5815384615384616,0.7223598310291858,0.7873252142534957
224,224,7,3,50,0.7,0.3,good,0.3,True,"{'model': 'gravity', 'alpha': 0.7, 'beta': 0}",1.0,0.7819241843913836,0.6023206751054853,0.8206382137917407,0.7757534958427815
225,225,7,3,50,0.7,0.3,good,0.3,True,"{'model': 'gravity', 'alpha': 0.8, 'beta': 0}",1.0,0.7747278126031013,0.5862068965517241,0.7754115226337449,0.7746162333301353
226,226,7,4,50,0.7,0.3,good,0.3,True,"{'model': 'gravity', 'alpha': 0.9, 'beta': 0}",1.0,0.7907413482040347,0.5318734793187347,0.7987914177077675,0.7893098618757848
227,227,7,4,50,0.7,0.3,good,0.3,True,"{'model': 'gravity', 'alpha': 1.0, 'beta': 0}",1.0,0.8008696191027018,0.538109756097561,0.7833199069101325,0.8040604758649872
228,228,7,4,50,0.7,0.3,good,0.3,True,"{'model': 'gravity', 'alpha': 1.1, 'beta': 0}",1.0,0.7791603094301239,0.5666982024597919,0.7371319199057714,0.7871108670741025
229,229,7,4,50,0.7,0.3,good,0.3,True,"{'model': 'gravity', 'alpha': 1.2, 'beta': 0}",1.0,0.7616268697680801,0.6322188449848024,0.7269959284829174,0.767981387643734
230,230,7,4,50,0.7,0.3,good,0.3,True,"{'model': 'gravity', 'alpha': 1.3, 'beta': 0}",1.0,0.7924039193302891,0.5423057892132608,0.809749373433584,0.7890341480832277
231,231,7,3,50,0.7,0.3,good,0.3,True,"{'model': 'gravity', 'alpha': 1.4, 'beta': 0}",1.0,0.8009460870962559,0.5386875612144956,0.755357142857143,0.8095397249809013
232,232,7,3,50,0.7,0.3,good,0.3,True,"{'model': 'gravity', 'alpha': 1.5, 'beta': 0}",1.0,0.7961210036422501,0.5797819623389494,0.7094903926482873,0.8128032496782497
233,233,7,2,50,0.7,0.3,good,0.3,True,"{'model': 'gravity', 'alpha': 1.6, 'beta': 0}",1.0,0.8168717801946194,0.5134313228585909,0.7849449303530937,0.8233318585520927
234,234,7,3,50,0.7,0.3,good,0.3,True,"{'model': 'gravity', 'alpha': 1.7, 'beta': 0}",1.0,0.7861979591836734,0.574645129711209,0.735407201749958,0.7959960398610705
235,235,7,3,50,0.7,0.3,good,0.3,True,"{'model': 'gravity', 'alpha': 1.8, 'beta': 0}",1.0,0.7825799105438281,0.5905707196029777,0.7463556851311954,0.7899145677554769
236,236,7,3,50,0.7,0.3,good,0.3,True,"{'model': 'gravity', 'alpha': 1.9, 'beta': 0}",1.0,0.8211865663592731,0.4944500504540868,0.832497553816047,0.8189458551398849
237,237,7,5,50,0.7,0.3,good,0.3,True,"{'model': 'gravity', 'alpha': 2.0, 'beta': 0}",1.0,0.8034886793502448,0.5561497326203209,0.8334339369550637,0.7975331799386421
238,238,7,3,50,0.7,0.3,good,0.3,True,"{'model': 'gravity', 'alpha': 2.1, 'beta': 0}",1.0,0.8073667073667075,0.5528205128205128,0.7511347348303871,0.8189143445839875
239,239,7,4,50,0.7,0.3,good,0.3,True,"{'model': 'gravity', 'alpha': 2.2, 'beta': 0}",1.0,0.8047816439325873,0.5303482587064676,0.7572575541844644,0.8146606156274664
240,240,7,3,50,0.7,0.3,good,0.3,True,"{'model': 'gravity', 'alpha': 2.3, 'beta': 0}",1.0,0.8017729783354782,0.5391476709613479,0.7728795895462562,0.8075750990051191
241,241,7,5,50,0.7,0.3,good,0.3,True,"{'model': 'gravity', 'alpha': 2.4, 'beta': 0}",1.0,0.8005110732538331,0.552415210688592,0.8329160530191458,0.7940962099125364
242,242,7,5,50,0.7,0.3,good,0.3,True,"{'model': 'gravity', 'alpha': 2.5, 'beta': 0}",1.0,0.8127920481862626,0.5366357069143447,0.8368359248461289,0.8079799993516806
243,243,7,3,50,0.7,0.3,good,0.3,True,"{'model': 'gravity', 'alpha': 2.6, 'beta': 0}",1.0,0.8132407780013413,0.5004821600771456,0.8406654052349417,0.8076180777810106
244,244,7,3,50,0.7,0.3,good,0.3,True,"{'model': 'gravity', 'alpha': 2.7, 'beta': 0}",1.0,0.7939787935781067,0.5402081362346263,0.7607260726072608,0.800956338213956
245,245,7,2,50,0.7,0.3,good,0.3,True,"{'model': 'gravity', 'alpha': 2.8, 'beta': 0}",1.0,0.7981352413944793,0.5484031936127745,0.7867364117364117,0.8004944416791108
246,246,7,4,50,0.7,0.3,good,0.3,True,"{'model': 'gravity', 'alpha': 2.9, 'beta': 0}",1.0,0.8269968181447337,0.47767185148018065,0.81492613547069,0.8295226585109181
247,247,7,3,50,0.7,0.3,good,0.3,True,"{'model': 'gravity', 'alpha': 3.0, 'beta': 0}",1.0,0.8116753295974444,0.5289421157684631,0.7996945488721806,0.8141785305187367
248,248,8,3,50,0.7,0.3,good,0.3,True,"{'model': 'gravity', 'alpha': 0.0, 'beta': 0}",1.0,0.7806698609545284,0.5773195876288659,0.7238411293721028,0.7889665620770271
249,249,8,3,50,0.7,0.3,good,0.3,True,"{'model': 'gravity', 'alpha': 0.1, 'beta': 0}",1.0,0.7662188048023741,0.6176615688209176,0.8109873307121015,0.7599101178933113
250,250,8,6,50,0.7,0.3,good,0.3,True,"{'model': 'gravity', 'alpha': 0.2, 'beta': 0}",1.0,0.7710089553839554,0.5929624346172135,0.6828103207810321,0.7847236422220156
251,251,8,6,50,0.7,0.3,good,0.3,True,"{'model': 'gravity', 'alpha': 0.3, 'beta': 0}",1.0,0.7854421768707484,0.5706243602865916,0.7607600732600732,0.7892519474808394
252,252,8,3,50,0.7,0.3,good,0.3,True,"{'model': 'gravity', 'alpha': 0.4, 'beta': 0}",1.0,0.7848784921546115,0.5765253360910031,0.7999467673248161,0.7824006875477464
253,253,8,4,50,0.7,0.3,good,0.3,True,"{'model': 'gravity', 'alpha': 0.5, 'beta': 0}",1.0,0.7990270935960591,0.5371775417298937,0.8014720410985972,0.798634009974904
254,254,8,3,50,0.7,0.3,good,0.3,True,"{'model': 'gravity', 'alpha': 0.6, 'beta': 0}",1.0,0.7807363616663958,0.579185520361991,0.7759485094850949,0.7815153376165281
255,255,8,4,50,0.7,0.3,good,0.3,True,"{'model': 'gravity', 'alpha': 0.7, 'beta': 0}",1.0,0.7743606953031783,0.5900249376558604,0.7518639726807058,0.7781126404049993
256,256,8,3,50,0.7,0.3,good,0.3,True,"{'model': 'gravity', 'alpha': 0.8, 'beta': 0}",1.0,0.7940202287424509,0.5259153590109368,0.8358686989440127,0.7875381909082493
257,257,8,2,50,0.7,0.3,good,0.3,True,"{'model': 'gravity', 'alpha': 0.9, 'beta': 0}",1.0,0.7818716622162883,0.6032520325203252,0.7264570693142122,0.7917494182807328
258,258,8,3,50,0.7,0.3,good,0.3,True,"{'model': 'gravity', 'alpha': 1.0, 'beta': 0}",1.0,0.7981920149011985,0.5608108108108109,0.824454743729553,0.7936108997527106
259,259,8,4,50,0.7,0.3,good,0.3,True,"{'model': 'gravity', 'alpha': 1.1, 'beta': 0}",1.0,0.8083626588465299,0.5302702702702703,0.7611984719260839,0.8171587632965502
260,260,8,3,50,0.7,0.3,good,0.3,True,"{'model': 'gravity', 'alpha': 1.2, 'beta': 0}",1.0,0.7733408535438993,0.5790719696969697,0.7624033006704487,0.7753660555131142
261,261,8,2,50,0.7,0.3,good,0.3,True,"{'model': 'gravity', 'alpha': 1.3, 'beta': 0}",1.0,0.7982474102625873,0.542716049382716,0.8434944237918216,0.7901868495742669
262,262,8,5,50,0.7,0.3,good,0.3,True,"{'model': 'gravity', 'alpha': 1.4, 'beta': 0}",1.0,0.7889233370913191,0.575402635431918,0.7642446633825944,0.7937459889616223
263,263,8,3,50,0.7,0.3,good,0.3,True,"{'model': 'gravity', 'alpha': 1.5, 'beta': 0}",1.0,0.7868698072114221,0.5437262357414449,0.7753801169590643,0.7890734153688393
264,264,8,5,50,0.7,0.3,good,0.3,True,"{'model': 'gravity', 'alpha': 1.6, 'beta': 0}",1.0,0.7874496598639456,0.5775991963837268,0.7689409455538488,0.7909601502055614
265,265,8,3,50,0.7,0.3,good,0.3,True,"{'model': 'gravity', 'alpha': 1.7, 'beta': 0}",1.0,0.7967868767265667,0.5519153225806451,0.7520197044334975,0.8057341406583309
266,266,8,3,50,0.7,0.3,good,0.3,True,"{'model': 'gravity', 'alpha': 1.8, 'beta': 0}",1.0,0.7994140833067008,0.5333020637898687,0.7655257936507938,0.8059206349206348
267,267,8,3,50,0.7,0.3,good,0.3,True,"{'model': 'gravity', 'alpha': 1.9, 'beta': 0}",1.0,0.8102796566430337,0.5278203164880041,0.8037156038886143,0.8115754293520686
268,268,8,4,50,0.7,0.3,good,0.3,True,"{'model': 'gravity', 'alpha': 2.0, 'beta': 0}",1.0,0.7891726258193834,0.5664767331433999,0.7333535108958839,0.8004280180971911
269,269,8,3,50,0.7,0.3,good,0.3,True,"{'model': 'gravity', 'alpha': 2.1, 'beta': 0}",1.0,0.8055966941231938,0.5507478632478633,0.762316384180791,0.8145753800817093
270,270,8,3,50,0.7,0.3,good,0.3,True,"{'model': 'gravity', 'alpha': 2.2, 'beta': 0}",1.0,0.7956095127224346,0.534516765285996,0.825335460644739,0.7895476691026796
271,271,8,4,50,0.7,0.3,good,0.3,True,"{'model': 'gravity', 'alpha': 2.3, 'beta': 0}",1.0,0.804891082646651,0.531328320802005,0.7689193522526857,0.8122388157463811
272,272,8,4,50,0.7,0.3,good,0.3,True,"{'model': 'gravity', 'alpha': 2.4, 'beta': 0}",1.0,0.7911689065870249,0.5534559920437593,0.7294964607464607,0.8039704801976892
273,273,8,3,50,0.7,0.3,good,0.3,True,"{'model': 'gravity', 'alpha': 2.5, 'beta': 0}",1.0,0.7927798929537053,0.5762970498474059,0.7413780663780664,0.8034631277283483
274,274,8,4,50,0.7,0.3,good,0.3,True,"{'model': 'gravity', 'alpha': 2.6, 'beta': 0}",1.0,0.7955121520814952,0.5433108758421559,0.8016049081748741,0.7943124359959037
275,275,8,4,50,0.7,0.3,good,0.3,True,"{'model': 'gravity', 'alpha': 2.7, 'beta': 0}",1.0,0.811412174823633,0.520686175580222,0.7774526198439241,0.8185177779999333
276,276,8,3,50,0.7,0.3,good,0.3,True,"{'model': 'gravity', 'alpha': 2.8, 'beta': 0}",1.0,0.8125037781991041,0.5201887781856319,0.7848106239195348,0.8183716283716284
277,277,8,3,50,0.7,0.3,good,0.3,True,"{'model': 'gravity', 'alpha': 2.9, 'beta': 0}",1.0,0.8068175011571238,0.5325443786982249,0.7683482633977683,0.8148784825133373
278,278,8,4,50,0.7,0.3,good,0.3,True,"{'model': 'gravity', 'alpha': 3.0, 'beta': 0}",1.0,0.8138852813852814,0.536547433903577,0.7557126877596677,0.8257426226304475
279,279,9,3,50,0.7,0.3,good,0.3,True,"{'model': 'gravity', 'alpha': 0.0, 'beta': 0}",1.0,0.7895945067446772,0.5709844559585492,0.7634703196347032,0.7933119836628608
280,280,9,5,50,0.7,0.3,good,0.3,True,"{'model': 'gravity', 'alpha': 0.1, 'beta': 0}",1.0,0.8065715906328499,0.5097842448569995,0.7726501035196687,0.8116609200757929
281,281,9,3,50,0.7,0.3,good,0.3,True,"{'model': 'gravity', 'alpha': 0.2, 'beta': 0}",1.0,0.789028971406951,0.5585858585858586,0.7684549356223176,0.7921641907253418
282,282,9,3,50,0.7,0.3,good,0.3,True,"{'model': 'gravity', 'alpha': 0.3, 'beta': 0}",1.0,0.8047741847455314,0.5251189846641988,0.771984820128925,0.8097271956275912
283,283,9,2,50,0.7,0.3,good,0.3,True,"{'model': 'gravity', 'alpha': 0.4, 'beta': 0}",1.0,0.7842937758874712,0.5393721049922799,0.7619047619047619,0.7879063761097659
284,284,9,4,50,0.7,0.3,good,0.3,True,"{'model': 'gravity', 'alpha': 0.5, 'beta': 0}",1.0,0.800854509420644,0.5153922542204568,0.7305094130675527,0.8129862172141584
285,285,9,4,50,0.7,0.3,good,0.3,True,"{'model': 'gravity', 'alpha': 0.6, 'beta': 0}",1.0,0.8152714067278287,0.5203426124197003,0.7577845982142857,0.825161610343062
286,286,9,3,50,0.7,0.3,good,0.3,True,"{'model': 'gravity', 'alpha': 0.7, 'beta': 0}",1.0,0.7943437307393414,0.5432953983176645,0.7851007326007325,0.7959278965376526
287,287,9,4,50,0.7,0.3,good,0.3,True,"{'model': 'gravity', 'alpha': 0.8, 'beta': 0}",1.0,0.8117362658523838,0.5152151101783841,0.8369904761904762,0.8074732323719493
288,288,9,3,50,0.7,0.3,good,0.3,True,"{'model': 'gravity', 'alpha': 0.9, 'beta': 0}",1.0,0.7791073800037943,0.5603864734299517,0.7663113695090439,0.7813097620635978
289,289,9,2,50,0.7,0.3,good,0.3,True,"{'model': 'gravity', 'alpha': 1.0, 'beta': 0}",1.0,0.7893401440294759,0.5532249606712113,0.7586470689358775,0.7952897464094105
290,290,9,4,50,0.7,0.3,good,0.3,True,"{'model': 'gravity', 'alpha': 1.1, 'beta': 0}",1.0,0.790379188712522,0.5886270491803278,0.7180181325199119,0.804173935517219
291,291,9,5,50,0.7,0.3,good,0.3,True,"{'model': 'gravity', 'alpha': 1.2, 'beta': 0}",1.0,0.7804607210115684,0.5516921650440426,0.8411122571772391,0.7692078907919495
292,292,9,4,50,0.7,0.3,good,0.3,True,"{'model': 'gravity', 'alpha': 1.3, 'beta': 0}",1.0,0.8051785714285714,0.533724340175953,0.7762192118226601,0.8108916423712341
293,293,9,2,50,0.7,0.3,good,0.3,True,"{'model': 'gravity', 'alpha': 1.4, 'beta': 0}",1.0,0.7891041162227603,0.5736472945891784,0.779396645021645,0.7908058243217606
294,294,9,5,50,0.7,0.3,good,0.3,True,"{'model': 'gravity', 'alpha': 1.5, 'beta': 0}",1.0,0.7901104209799862,0.5713547052740434,0.7842095946185165,0.7912006148613291
295,295,9,3,50,0.7,0.3,good,0.3,True,"{'model': 'gravity', 'alpha': 1.6, 'beta': 0}",1.0,0.7797386402914042,0.6086956521739131,0.7590601503759399,0.7836519003351673
296,296,9,5,50,0.7,0.3,good,0.3,True,"{'model': 'gravity', 'alpha': 1.7, 'beta': 0}",1.0,0.8098590314312692,0.5156024963994239,0.734068746952706,0.8249450051759833
297,297,9,2,50,0.7,0.3,good,0.3,True,"{'model': 'gravity', 'alpha': 1.8, 'beta': 0}",1.0,0.7900384337884339,0.5789748953974896,0.7644634589947089,0.7951964118980924
298,298,9,3,50,0.7,0.3,good,0.3,True,"{'model': 'gravity', 'alpha': 1.9, 'beta': 0}",1.0,0.7907765213146761,0.5456730769230769,0.7636803185437997,0.7962031702633207
299,299,9,5,50,0.7,0.3,good,0.3,True,"{'model': 'gravity', 'alpha': 2.0, 'beta': 0}",1.0,0.800967261904762,0.5286212045793928,0.8079841830725223,0.7996080636224374
300,300,9,3,50,0.7,0.3,good,0.3,True,"{'model': 'gravity', 'alpha': 2.1, 'beta': 0}",1.0,0.7930290406083159,0.5722684958353749,0.7580297219558965,0.800133806928766
301,301,9,4,50,0.7,0.3,good,0.3,True,"{'model': 'gravity', 'alpha': 2.2, 'beta': 0}",1.0,0.7968971990384356,0.548213411649535,0.7547901533494754,0.8053587647593097
302,302,9,3,50,0.7,0.3,good,0.3,True,"{'model': 'gravity', 'alpha': 2.3, 'beta': 0}",1.0,0.7955919847024142,0.5396899953029591,0.7952855560828983,0.7956538044172093
303,303,9,4,50,0.7,0.3,good,0.3,True,"{'model': 'gravity', 'alpha': 2.4, 'beta': 0}",1.0,0.7912778695293147,0.5885117493472585,0.7206282175032175,0.8058610613003917
304,304,9,4,50,0.7,0.3,good,0.3,True,"{'model': 'gravity', 'alpha': 2.5, 'beta': 0}",1.0,0.7846138342470171,0.5901162790697675,0.7643253968253968,0.7887487060041407
305,305,9,4,50,0.7,0.3,good,0.3,True,"{'model': 'gravity', 'alpha': 2.6, 'beta': 0}",1.0,0.793673156439114,0.5925531914893617,0.8208394279213391,0.7881685108344859
306,306,9,3,50,0.7,0.3,good,0.3,True,"{'model': 'gravity', 'alpha': 2.7, 'beta': 0}",1.0,0.8088390694455535,0.5219913001449976,0.8464119214119215,0.8016894781864843
307,307,9,4,50,0.7,0.3,good,0.3,True,"{'model': 'gravity', 'alpha': 2.8, 'beta': 0}",1.0,0.7909142857142857,0.5780262518230432,0.7593141907925962,0.7974785566400472
308,308,9,4,50,0.7,0.3,good,0.3,True,"{'model': 'gravity', 'alpha': 2.9, 'beta': 0}",1.0,0.8032856871368844,0.5481296758104738,0.7866345551378446,0.8067766830870278
309,309,9,3,50,0.7,0.3,good,0.3,True,"{'model': 'gravity', 'alpha': 3.0, 'beta': 0}",1.0,0.7929042701417917,0.5802469135802469,0.7429206349206349,0.8032958782958783
